case_id,trip_duration_days,miles_traveled,total_receipts_amount,true_output,predicted_output,absolute_error,relative_error_pct
0,3,93.0,1.42,364.51,359.66509500001274,4.84490499998725,1.3291555787186222
1,1,55.0,3.6,126.06,139.3744475000001,13.314447500000085,10.561992305251534
2,1,47.0,17.97,128.91,152.04684749999606,23.136847499996065,17.94806260181217
3,2,13.0,4.67,203.52,227.34086250000587,23.82086250000586,11.704433225238727
4,3,88.0,5.78,380.37,357.35020000002066,23.01979999997934,6.051949417666835
5,1,76.0,13.74,158.35,162.44833999999463,4.098339999994636,2.5881528260149262
6,3,41.0,4.52,320.12,301.0040450000091,19.11595499999089,5.971496626262304
7,1,140.0,22.71,199.68,211.89147250001113,12.211472500011126,6.115521083739547
8,3,121.0,21.17,464.07,427.34784500001626,36.72215499998373,7.913063761928962
9,3,117.0,21.99,359.1,382.3452250000149,23.245225000014898,6.473189919246699
10,2,202.0,21.24,356.17,368.4941249999988,12.324124999998787,3.460180531768197
11,3,80.0,21.05,366.87,370.5072300000222,3.637230000022214,0.9914220296078213
12,2,21.0,20.04,204.58,246.1919599999895,41.611959999989494,20.340189656852818
13,3,177.0,18.73,430.86,420.4483575000219,10.411642499978086,2.416479250795638
14,1,141.0,10.15,195.14,193.31905500001128,1.8209449999887113,0.9331479963045565
15,1,58.0,5.86,117.24,127.22885249999698,9.98885249999698,8.520003838277876
16,1,133.0,8.34,179.06,182.0338875000124,2.9738875000124096,1.6608329610255834
17,1,59.0,8.31,120.65,129.3455925000043,8.695592500004295,7.207287608789303
18,2,89.0,13.85,234.2,252.29259999998996,18.09259999998997,7.725277540559339
19,2,147.0,17.43,325.56,322.176920000021,3.3830799999789747,1.039157144605902
20,5,130.0,306.9,574.1,570.6881725000301,3.411827499969945,0.5942914997334864
21,5,173.0,1337.9,1443.96,1428.3657874999867,15.594212500013327,1.0799615294061697
22,5,592.0,433.75,869.0,889.3823125000023,20.382312500002286,2.345490506329377
23,5,679.0,476.08,1030.41,1013.7687200000522,16.64127999994787,1.615015382221433
24,5,708.0,1129.52,1654.62,1610.1162300000656,44.50376999993432,2.6896671138952946
25,5,261.0,464.94,621.12,662.17588750004,41.055887500039944,6.609976735580877
26,5,794.0,511.0,1139.94,1067.7884049999657,72.15159500003438,6.329420408094669
27,5,521.0,1448.55,1624.01,1576.6686299999037,47.341370000096276,2.9150910400857306
28,5,595.0,863.93,1231.67,1266.8506824999615,35.18068249996145,2.856339969306831
29,5,811.0,952.39,1608.6,1593.1630949999776,15.436905000022307,0.9596484520715098
30,5,477.0,704.42,1045.96,1035.7164299999638,10.243570000036243,0.9793462465138478
31,5,730.0,485.73,991.49,977.1270925000617,14.362907499938274,1.4486184933724267
32,5,262.0,1173.79,1485.59,1394.1572899999585,91.43271000004142,6.154639570813039
33,5,446.0,219.98,788.62,785.0027275000426,3.61727249995738,0.458683840120385
34,5,751.0,407.43,1063.46,1010.2795249999778,53.180475000022284,5.000702894328163
35,5,324.0,128.94,686.54,704.6427050000207,18.102705000020705,2.6368026626301027
36,5,414.0,967.0,1368.94,1340.9651125000232,27.97488749997683,2.0435437272617376
37,5,367.0,290.78,742.25,767.0863650000055,24.836365000005458,3.3460916133385594
38,5,764.0,848.75,1468.46,1423.2804399999945,45.179560000005495,3.076662626152942
39,5,249.0,873.75,1185.24,1162.0493275000701,23.19067249992986,1.9566224983910314
40,8,862.0,1817.85,1719.37,1755.691462500073,36.32146250007304,2.11248669571256
41,11,927.0,1994.33,1779.12,1808.0283800000504,28.908380000050556,1.6248695984560095
42,9,602.0,186.69,1085.4,1040.5834799999643,44.81652000003578,4.129032614707553
43,8,610.0,208.29,841.27,884.7283550000086,43.45835500000862,5.165803487585273
44,12,333.0,1103.21,1618.13,1606.5492199999417,11.58078000005844,0.7156890979129266
45,8,435.0,1129.65,1525.26,1511.8761349999145,13.383865000085507,0.8774808885098611
46,9,218.0,1203.45,1561.63,1549.437809999939,12.192190000061146,0.7807348731813006
47,12,781.0,1159.18,1752.72,1751.3882599999495,1.3317400000505586,0.07598133187563094
48,11,916.0,1036.91,2098.07,2013.8132925000623,84.25670749993787,4.015914983767837
49,10,358.0,2066.62,1624.11,1611.4344250000481,12.675574999951777,0.780462838105287
50,12,566.0,2013.7,1752.03,1765.297997500025,13.267997500025103,0.7572928260375167
51,9,954.0,1483.39,2024.2,1969.7430950000598,54.45690499994021,2.690292708227458
52,9,534.0,1929.94,1624.87,1627.966817500049,3.0968175000491556,0.1905886317089463
53,12,765.0,1343.97,1953.03,1923.9986525000254,29.031347499974572,1.4864772942542905
54,8,630.0,967.69,1388.05,1430.0064449999254,41.95644499992545,3.0226897446003713
55,10,909.0,696.0,1505.19,1515.6863700000563,10.496370000056231,0.6973451856613604
56,10,223.0,745.89,1037.45,1069.313937500045,31.86393750004504,3.07137090944576
57,8,467.0,1178.71,1483.33,1470.7664425000166,12.56355749998329,0.8469833078265315
58,9,708.0,461.07,1110.6,1120.4375675000329,9.837567500032947,0.8857885377303212
59,9,885.0,1764.97,1694.37,1748.955122500073,54.58512250007311,3.221558602906869
60,6,855.0,591.35,1339.72,1303.5634800000112,36.15651999998886,2.6988116919945107
61,2,993.0,54.24,715.19,700.4039974999683,14.786002500031714,2.0674229924959397
62,5,685.0,747.14,1216.36,1215.8881500000052,0.47184999999467436,0.0387919694822811
63,3,981.0,341.45,813.95,791.3145800000244,22.635419999975625,2.780934946861063
64,5,770.0,873.33,1502.49,1468.8886800000794,33.601319999920634,2.2363756164713666
65,6,697.0,651.64,1237.71,1222.2111699999875,15.498830000012504,1.2522182094361767
66,3,795.0,450.85,743.94,759.8592599999647,15.919259999964652,2.139858053064044
67,3,606.0,1184.23,1364.54,1387.1296375000088,22.58963750000885,1.6554763876477676
68,3,842.0,865.37,1251.14,1207.7707374999927,43.36926250000738,3.466379661749075
69,7,748.0,241.73,971.31,998.8886050000333,27.57860500003335,2.8393206082541464
70,7,624.0,148.16,905.79,891.7211250000129,14.068874999987088,1.553215977211836
71,2,713.0,740.33,1048.28,1012.4326524999404,35.84734750005953,3.419634782697326
72,3,874.0,1191.4,1515.99,1495.3541750000882,20.635824999911847,1.361211155740595
73,6,761.0,530.19,1120.1,1122.377267500024,2.2772675000239815,0.20330930274296774
74,1,815.0,97.89,539.36,541.9977975000205,2.637797500020497,0.48906064595455667
75,1,601.0,497.7,644.12,638.1943675000451,5.925632499954872,0.919957849462037
76,7,817.0,1127.87,1809.91,1807.9202000000428,1.989799999957313,0.10993916824357636
77,1,606.0,923.0,1050.05,1070.3697524999477,20.319752499947754,1.9351223751200186
78,1,909.0,741.82,866.07,867.3883649999622,1.3183649999621139,0.15222383871535947
79,3,624.0,1160.92,1459.34,1436.966599999961,22.373400000038828,1.5331177107486145
80,4,650.0,619.49,676.38,816.1311099999587,139.75110999995866,20.6616266004256
81,6,204.0,818.99,628.4,772.1111624999689,143.71116249996896,22.869376591338156
82,1,263.0,396.49,198.42,255.9411150000146,57.52111500001462,28.98957514364208
83,1,451.0,555.49,162.18,285.34806500001076,123.16806500001076,75.94528610186876
84,10,424.0,474.99,831.96,868.6555724999777,36.69557249997763,4.41073759555479
85,2,565.0,389.49,415.96,487.27515249998453,71.31515249998455,17.14471403499965
86,9,397.0,348.49,913.29,910.9119425000272,2.3780574999727833,0.260383613088152
87,1,532.0,413.99,355.57,397.6326075000047,42.06260750000473,11.829627780747739
88,2,384.0,495.49,290.36,398.11407750001825,107.75407750001824,37.11051022868792
89,5,754.0,489.99,765.13,863.1706249999568,98.04062499995678,12.813590500954973
90,1,344.46,813.85,707.88,713.8893699999429,6.009369999942919,0.8489249590245408
91,3,906.3,540.03,848.42,852.8783174999653,4.4583174999653465,0.5254847245427202
92,3,1007.56,187.52,764.64,770.8855649999981,6.245564999998123,0.8167981010669234
93,1,359.62,221.15,255.57,282.72454999998706,27.15454999998707,10.62509292952501
94,1,362.79,749.19,636.51,649.987724999964,13.477724999964039,2.1174412028034184
95,1,288.72,159.26,303.94,303.09925499998053,0.8407450000194672,0.27661545042425056
96,2,782.17,830.72,1165.44,1142.0920774999927,23.34792250000737,2.0033568866700446
97,2,623.18,347.54,625.15,616.9166999999698,8.233300000030226,1.3170119171447214
98,3,1061.15,388.5,693.36,719.9260074999976,26.566007499997568,3.831488332179181
99,1,252.75,285.5,331.74,303.8749799999956,27.865020000004392,8.39965635738964
100,3,1020.39,250.62,779.08,760.565962500025,18.514037499975075,2.376397481641818
101,1,257.97,816.81,738.01,721.989682499951,16.020317500049032,2.1707453151107754
102,3,1025.03,592.55,992.4,973.3417974999614,19.058202500038533,1.9204154070977966
103,2,794.32,402.31,671.06,668.5434875000291,2.5165124999708723,0.3750055881695933
104,1,276.85,485.54,361.66,366.2670974999931,4.607097499993074,1.2738753248888663
105,2,851.68,473.96,650.68,675.4398325000145,24.759832500014568,3.805224150122114
106,3,859.12,611.07,960.47,961.9318350000422,1.4618350000421287,0.15219996460505053
107,3,1317.07,476.87,787.42,804.5964174999638,17.176417499963804,2.181353978812299
108,1,388.1,827.37,741.46,750.0571499999645,8.597149999964472,1.1594893858015902
109,1,264.39,758.27,636.19,650.2016299999594,14.011629999959382,2.2024285197754416
110,5,198.21,594.83,807.48,761.8595799999911,45.62042000000895,5.649727547432623
111,6,72.85,457.75,666.59,655.8289150000006,10.761084999999412,1.6143484000659192
112,8,297.64,481.09,835.08,840.4081850000337,5.3281850000336135,0.638044857981704
113,7,237.33,1262.27,1452.17,1473.3912149999603,21.22121499996024,1.4613450904481045
114,5,195.73,1228.49,511.23,848.7167624999865,337.4867624999865,66.01466316530455
115,8,276.28,1179.9,1522.6,1510.9940949999473,11.605905000052644,0.7622425456490638
116,8,302.24,1046.04,1353.77,1379.194577499938,25.424577499938096,1.8780573878825868
117,8,266.87,252.08,880.41,853.1810250000318,27.22897499996816,3.0927607591881237
118,9,310.69,239.64,828.16,845.2879300000293,17.127930000029323,2.0681909292925673
119,6,222.08,709.07,1031.34,949.6268174999653,81.71318250003458,7.923011082672502
120,8,264.94,720.67,1019.85,1023.1667775000394,3.316777500039393,0.3252220914879044
121,8,161.15,1230.37,1499.24,1495.8082450000727,3.431754999927307,0.22889964248067735
122,9,259.96,554.74,835.54,859.9823700000204,24.442370000020446,2.925338104701205
123,9,97.85,518.56,850.57,826.0455799999806,24.524420000019404,2.88329238040601
124,9,194.34,1054.93,1374.9,1393.8369725000125,18.936972500012416,1.3773345334215155
125,9,332.35,374.61,830.45,850.1795975000415,19.72959750004145,2.375771870677518
126,5,126.44,696.14,845.35,808.7914825000372,36.55851749996282,4.32466049564829
127,5,66.13,848.03,1050.25,1049.1340374999863,1.1159625000136657,0.10625684360996579
128,6,135.34,1144.13,1478.11,1455.6750175000334,22.43498249996651,1.5178154873430605
129,6,233.7,346.98,648.57,666.7380749999835,18.168074999983446,2.8012512142071704
130,9,849.0,1007.41,1785.47,1811.9009924999714,26.430992499971353,1.4803380902491419
131,6,806.0,1760.64,1718.76,1740.0318299998978,21.271829999897818,1.2376265447123402
132,8,891.0,1194.36,2016.46,1969.6457349999698,46.81426500003022,2.3216064290900995
133,9,1182.0,1342.24,2164.15,2155.860807500103,8.289192499897126,0.3830230113391921
134,7,1010.0,1514.03,2063.98,2011.706815000152,52.27318499984813,2.5326400934043996
135,8,892.0,1768.53,1902.37,1862.3319550000783,40.03804499992157,2.1046402645080384
136,6,825.0,1692.73,1817.77,1793.1051574998864,24.664842500113537,1.356873669392362
137,8,1118.0,1758.52,1852.47,1870.0267699999524,17.556769999952394,0.9477492213073568
138,8,1064.0,1756.52,1857.04,1863.0560675000233,6.016067500023382,0.3239600385572407
139,6,811.0,1252.04,1771.8,1756.0209974999075,15.779002500092474,0.8905634100966517
140,7,889.0,1417.96,1826.08,1826.1415575000442,0.06155750004427318,0.003371018796781805
141,9,1012.0,1429.04,1880.76,1908.7974399998864,28.037439999886374,1.490750547644908
142,6,909.0,1332.18,1720.21,1751.444049999971,31.23404999997092,1.8157114538324344
143,9,1096.0,1690.22,1894.85,1900.21535999992,5.3653599999202015,0.28315486713566784
144,9,913.0,1021.29,1964.86,1949.1314600000703,15.72853999992958,0.8004916380775008
145,6,1006.0,1219.71,1803.97,1830.1541674999437,26.18416749994367,1.451474664209697
146,6,907.0,1650.17,1737.86,1765.8328050000691,27.97280500006923,1.6096121091497146
147,9,816.0,1171.81,1780.58,1783.4259325000276,2.8459325000276294,0.1598317683017685
148,7,1006.0,1181.33,2279.82,2170.723202500075,109.09679749992529,4.785325047588199
149,6,835.0,1404.28,1765.79,1764.7488625000096,1.0411374999903273,0.058961569608522384
150,12,528.0,2476.41,1662.88,1674.4049174999411,11.524917499941012,0.6930697043647774
151,4,69.0,2321.49,322.0,734.1160825000084,412.11608250000836,127.98636102484731
152,11,1179.0,31.36,1550.55,1443.1855024999293,107.36449750007068,6.92428476992491
153,13,756.0,954.4,1793.07,1781.745612500061,11.324387499938894,0.6315641609049782
154,1,123.0,2076.65,1171.68,1173.9076275000318,2.2276275000317582,0.19012251638943722
155,3,1162.0,2152.66,1434.71,1447.2389749999702,12.52897499997016,0.8732757839542598
156,1,822.0,2170.53,1374.91,1394.597782500053,19.68778250005289,1.4319324537644564
157,11,558.0,1549.86,1823.47,1801.47559749994,21.994402500060005,1.2061839514804193
158,2,753.0,1111.16,1353.87,1364.3233200000543,10.453320000054418,0.7721066276713732
159,10,224.0,407.51,794.7,817.8267025000262,23.126702500026113,2.9101173398799687
160,6,383.0,462.79,800.3,831.3633524999702,31.06335249997028,3.8814635136786557
161,8,1005.0,1391.37,1987.39,1963.2784424998838,24.111557500116305,1.2132272729618396
162,10,1145.0,311.43,1366.61,1320.5041100000121,46.10588999998777,3.3737415941627655
163,5,1004.0,2367.63,1743.85,1736.3496924999197,7.5003075000802255,0.4301004960335021
164,5,873.0,1402.35,1676.79,1697.4052575000278,20.615257500027838,1.2294477841606783
165,2,165.0,1813.32,1273.45,1278.6830200000736,5.233020000073566,0.41093250618976523
166,5,1076.0,190.33,879.65,927.5912324999518,47.941232499951866,5.450034957079732
167,12,986.0,2390.92,1760.0,1768.8822374999845,8.882237499984512,0.5046725852263928
168,7,948.0,657.17,1578.97,1500.108325,78.8616750000001,4.994501162150016
169,3,429.0,2400.13,1411.95,1432.5172800000655,20.567280000065466,1.4566578136665933
170,4,362.0,646.43,788.53,801.0867149999656,12.556714999965607,1.5924207068806016
171,2,622.0,1871.56,1494.23,1475.8589850000662,18.371014999933777,1.2294636702471358
172,1,140.0,255.99,150.34,207.67514249999806,57.33514249999806,38.136984501794636
173,8,123.0,612.55,851.24,853.6176875000466,2.3776875000465907,0.279320461919857
174,4,87.0,2463.92,1413.52,1342.8383724999428,70.68162750005717,5.000398119592024
175,10,164.0,1144.9,1516.43,1514.7063574999656,1.7236425000344298,0.1136644949014745
176,1,989.0,2196.84,1439.17,1430.2047099999838,8.965290000016239,0.6229486440112175
177,4,470.0,1968.63,1501.1,1521.616952499934,20.516952499934177,1.3667945173495555
178,1,37.0,1397.17,1092.94,1101.648392499995,8.708392499994943,0.7967859626324357
179,8,488.0,439.7,1030.13,994.0711599999436,36.058840000056534,3.500416452297917
180,12,757.0,897.4,1780.07,1751.3721150000358,28.697884999964117,1.61217733010298
181,14,958.0,1727.76,2065.16,2034.20449000006,30.95550999993975,1.498940033699072
182,2,456.0,2390.7,1342.39,1352.8884949999813,10.498494999981176,0.7820748813669035
183,5,733.0,41.18,771.83,802.3664075000279,30.53640750002785,3.956364419629691
184,5,291.0,1279.7,1477.12,1467.1969575000487,9.92304249995118,0.6717830981877695
185,10,478.0,2091.79,1568.41,1579.4651150000443,11.055115000044225,0.7048612926495128
186,8,817.0,1455.73,1847.26,1823.8282799999122,23.431720000087807,1.268458148830582
187,6,1043.0,1404.35,1807.42,1807.7827249999643,0.3627249999642572,0.02006866140488969
188,2,958.0,1855.58,1549.54,1531.6670950000337,17.872904999966295,1.1534329542939386
189,9,524.0,474.75,935.4,962.3366399999538,26.936639999953854,2.8796921103221997
190,6,45.0,81.59,522.58,533.1774850000154,10.597485000015354,2.0279162998996045
191,8,342.0,2259.06,1502.02,1545.61392999991,43.59392999990996,2.902353497284321
192,12,379.0,1897.29,1682.98,1706.0800700001046,23.10007000010455,1.3725694898397218
193,6,333.0,1254.68,1585.02,1562.22700249991,22.792997500089996,1.438025860878096
194,2,634.0,1739.81,1490.51,1483.1460974999295,7.3639025000704805,0.494052539068539
195,5,285.0,974.73,1282.84,1240.2525124999604,42.587487500039515,3.3197816953041315
196,12,33.0,1249.13,1707.38,1663.9298124999543,43.450187500045786,2.544845757830464
197,9,118.0,1285.82,1539.77,1535.7454699999182,4.024530000081768,0.2613721529891976
198,1,420.0,2273.6,1220.35,1222.4530025000065,2.103002500006596,0.1723278157910924
199,11,312.0,2072.39,1586.22,1601.8640724999923,15.644072499992262,0.9862485972937084
200,10,753.0,2054.02,1779.08,1776.9622700000411,2.117729999958783,0.11903511927281421
201,5,125.0,96.38,570.99,569.436970000006,1.5530299999940098,0.2719890015576472
202,6,597.0,888.84,1395.65,1368.682942500007,26.96705749999319,1.9322220828999526
203,12,1065.0,203.2,1408.25,1353.1260574999833,55.12394250001671,3.914357713475357
204,1,214.0,540.03,402.81,402.63509250002136,0.1749074999786444,0.0434218365925981
205,11,886.0,922.66,1852.24,1822.629187500077,29.610812499922986,1.5986487982077369
206,10,621.0,978.73,1656.28,1590.0373050000135,66.2426949999865,3.999486499866357
207,4,1000.0,2355.34,1699.56,1688.5403649999223,11.019635000077642,0.6483816399584388
208,13,534.0,1765.96,1881.36,1914.7319625000584,33.371962500058544,1.7738211984978178
209,6,475.0,1800.71,1671.23,1620.5774325000812,50.65256749991886,3.0308555674514497
210,11,623.0,2265.21,1739.18,1732.1507599999593,7.029240000040772,0.40416978116358127
211,1,620.0,973.91,1112.02,1120.267112499987,8.247112499986997,0.7416334688213339
212,13,1004.0,1757.75,1960.67,1983.3675949999608,22.697594999960756,1.1576448356919193
213,8,962.0,1929.63,1897.19,1869.1245300001005,28.065469999899506,1.479317833211197
214,14,516.0,1464.67,1842.1,1859.008367499918,16.908367499918086,0.9178854296682095
215,11,685.0,2272.75,1873.94,1844.6564950000788,29.283504999921206,1.5626703629743324
216,3,307.0,266.21,540.97,539.1615574999887,1.8084425000113242,0.33429626412025143
217,3,375.0,1346.21,1339.93,1330.010609999988,9.919390000012072,0.7402916570277606
218,4,1124.0,2177.18,1567.43,1608.6290824999849,41.1990824999848,2.628448000866692
219,3,779.0,2110.9,1520.73,1524.414907500097,3.6849075000968696,0.2423117515993549
220,8,1173.0,671.25,1419.34,1477.6276674999351,58.287667499935196,4.106674052724167
221,14,47.0,1667.14,1745.18,1718.4679124999557,26.71208750004439,1.530620766914839
222,3,981.0,2008.83,1539.47,1531.9001199999955,7.569880000004559,0.4917198776205161
223,5,516.0,1450.67,1547.5,1496.0011374999756,51.498862500024416,3.3278747980629673
224,6,471.0,332.51,872.19,879.9845299999752,7.794529999975111,0.8936733968487498
225,2,941.0,1565.77,1432.79,1456.7372600000456,23.947260000045617,1.6713726366072919
226,10,377.0,301.96,837.36,866.8542449999964,29.49424499999634,3.5222896961875825
227,7,273.0,285.83,793.58,800.4550750000315,6.875075000031416,0.8663367272400281
228,1,458.0,834.7,737.28,792.5846649999555,55.30466499995555,7.501175265835985
229,11,772.0,932.31,1575.52,1646.5060624999194,70.9860624999194,4.505564035995697
230,11,36.0,1541.47,1593.24,1608.6095600000906,15.369560000090587,0.9646732444635201
231,12,211.0,1048.29,1579.73,1544.8747325000709,34.85526749992914,2.2064066327745335
232,7,987.0,2164.1,1839.67,1832.5352049999722,7.134795000027907,0.38783015432267237
233,9,662.0,2275.59,1599.27,1624.4923449999123,25.222344999912366,1.57711612172506
234,12,96.0,1164.37,1553.21,1575.4704424999668,22.260442499966757,1.433189491438167
235,5,569.0,1856.7,1623.81,1568.5769374999295,55.233062500070446,3.401448599286274
236,12,128.0,477.17,874.99,884.8750450000417,9.885045000041714,1.1297323398029364
237,4,886.0,2401.28,1698.0,1682.380970000011,15.619029999988925,0.919848645464601
238,13,19.0,807.27,1331.53,1256.8622674999947,74.66773250000529,5.607664303470841
239,8,275.0,2347.09,1454.47,1494.8252124999774,40.35521249997737,2.7745647899219215
240,9,963.0,588.5,1434.42,1409.807119999954,24.61288000004606,1.7158768003824585
241,14,1056.0,2489.69,1894.16,1888.6888775000818,5.471122499918238,0.28884162372335165
242,5,728.0,423.16,947.72,955.4770075000421,7.75700750004205,0.8184914848311791
243,4,286.0,1063.49,418.17,735.8350749999729,317.6650749999729,75.9655343520513
244,11,332.0,1352.48,1663.39,1669.6818074999467,6.291807499946572,0.3782520936128371
245,12,49.0,1118.38,1494.81,1518.5670049999399,23.75700499993991,1.5892993089382537
246,2,18.0,2503.46,1206.95,1180.9666975000605,25.983302499939555,2.1528068685479558
247,14,592.0,1268.36,1930.24,1916.209635000079,14.030364999920948,0.7268715289249497
248,3,892.0,171.32,875.39,826.2241650000046,49.165834999995354,5.616449239766887
249,11,741.0,1872.39,1847.08,1843.6941625000559,3.3858374999440457,0.18330757194837505
250,14,807.0,2358.41,1819.41,1844.0418100000668,24.631810000066707,1.353835034437906
251,5,873.0,1584.53,1796.7,1766.6104800000883,30.089519999911772,1.6747103022158274
252,3,1159.0,2209.44,1434.84,1452.5679249999516,17.72792499995171,1.2355332301825785
253,11,920.0,1338.65,1871.27,1877.9516699998665,6.681669999866472,0.3570660567350768
254,1,388.0,390.7,332.06,319.80066500001954,12.259334999980467,3.6919035716377966
255,9,576.0,1059.79,1547.5,1544.3006949999985,3.199305000001459,0.20674022617133822
256,9,524.0,2367.12,1640.78,1625.9520725000161,14.827927499983844,0.9037121064361976
257,10,459.0,2183.11,1559.59,1576.524399999941,16.93439999994098,1.0858238383126964
258,4,725.0,588.9,1097.95,1036.9850175000454,60.96498249995466,5.552619199412965
259,1,992.0,958.87,1222.41,1208.1034275000268,14.3065724999733,1.1703579404596902
260,10,536.0,2194.42,1615.13,1626.537874999949,11.407874999948945,0.7063131141114922
261,11,1126.0,1593.03,2143.74,2099.9190050000943,43.82099499990545,2.0441375819784793
262,10,314.0,1098.8,1539.1,1522.4419799999503,16.658020000049646,1.0823221363166557
263,1,9.0,2246.28,1120.22,1127.0758250000579,6.855825000057848,0.61200701648407
264,11,706.0,1508.23,2030.59,1972.2250749999423,58.36492500005761,2.8742840750746144
265,10,976.0,2166.02,1775.03,1796.2300425000462,21.200042500046266,1.1943484053816704
266,5,1028.0,653.19,1313.95,1295.3268850000748,18.623114999925292,1.4173381787682402
267,8,1166.0,99.47,1149.07,1174.153769999974,25.083769999974038,2.1829627437818444
268,12,882.0,1958.14,1944.88,1923.392904999922,21.48709500007817,1.1048031241042209
269,11,448.0,732.79,1090.35,1127.3968075000287,37.04680750002876,3.397698674740108
270,7,623.0,1691.39,1800.86,1757.9007350000893,42.9592649999106,2.385486101080073
271,3,127.0,293.49,303.2,352.32892499998104,49.12892499998105,16.203471306062355
272,12,218.0,486.02,1005.67,961.9320099999669,43.73799000003305,4.349139379720291
273,3,1166.0,530.44,785.59,821.4987799999692,35.90877999996917,4.570931401872373
274,11,17.0,550.58,830.07,842.2671549999686,12.197154999968575,1.4694128206017052
275,9,696.0,1749.97,1649.49,1654.829587500103,5.33958750010288,0.3237114198996587
276,4,305.0,125.79,664.43,640.0346475000117,24.395352499988235,3.6716211640034673
277,12,104.0,1300.05,1779.92,1727.1767399999535,52.743260000046575,2.9632376736059247
278,1,303.0,931.53,857.42,898.5626724999545,41.14267249995453,4.798426966942051
279,8,1012.0,2390.84,1732.12,1759.611597500067,27.4915975000672,1.5871647172290142
280,9,938.0,2224.29,1913.87,1862.3334950000637,51.53650499993614,2.692790262658182
281,3,471.0,288.19,535.67,567.1131674999799,31.44316749997995,5.8698765097877335
282,5,72.0,977.67,1156.55,1155.474602499939,1.0753975000609444,0.0929832259790709
283,10,160.0,2272.56,1642.15,1620.7289500000634,21.421049999936713,1.3044514812859185
284,10,965.0,1851.28,1805.77,1818.2934149999046,12.523414999904617,0.6935221539788908
285,3,266.0,2178.16,1447.95,1438.423517500083,9.526482499916938,0.6579289685359948
286,12,734.0,2491.82,1792.31,1799.2078374999214,6.897837499921479,0.384857390737176
287,12,64.0,1641.01,1710.72,1676.951627499982,33.76837250001813,1.973927498364322
288,9,497.0,1845.08,1674.09,1653.181494999952,20.908505000047853,1.2489474878918012
289,3,781.0,1801.38,1586.21,1557.1247174999883,29.085282500011772,1.8336337874563753
290,3,158.0,1070.74,1183.16,1161.8979950000446,21.26200499995548,1.7970523851343418
291,3,1096.0,200.27,802.96,781.494482499977,21.465517500022997,2.6732984831153477
292,11,1116.0,2067.8,1987.44,1971.8622675001045,15.577732499895546,0.7838089451704477
293,10,831.0,39.86,982.64,1043.4847200000384,60.844720000038365,6.191964503789624
294,14,124.0,1064.64,1761.68,1719.1103524999423,42.56964750005773,2.4164233856351736
295,4,10.0,1262.73,1261.41,1250.3450850000515,11.064914999948542,0.8771862439610072
296,5,955.0,106.86,897.78,902.7035499999499,4.923549999949955,0.5484138653066403
297,7,1176.0,2489.13,1921.16,1898.6689650000758,22.491034999924295,1.1707007745281128
298,6,803.0,465.6,1012.0,1031.3826975000004,19.382697500000404,1.9152863142292889
299,9,868.0,62.12,1022.81,1069.1409475000341,46.3309475000342,4.529770680774944
300,1,181.0,128.05,225.12,243.32342999999764,18.20342999999764,8.086100746267608
301,3,70.0,631.88,564.16,601.0659574999945,36.90595749999454,6.541753669170899
302,8,1090.0,419.76,1189.47,1210.0506225000272,20.580622500027175,1.7302346843575016
303,14,1184.0,2269.89,1943.24,1938.1869250001055,5.053074999894534,0.2600335007458952
304,1,735.0,1676.9,1365.21,1370.0291049999678,4.819104999967749,0.35299367862583403
305,2,547.0,119.09,509.52,527.2200375000197,17.700037500019675,3.4738651083411205
306,11,265.0,218.66,949.34,913.4808799999848,35.859120000015196,3.7772684180604625
307,10,223.0,886.32,1305.54,1306.5939275000217,1.0539275000217003,0.08072732356126204
308,12,959.0,1947.82,1833.24,1857.8314625000778,24.591462500077796,1.3414207905172153
309,11,498.0,1578.39,1793.52,1775.0081949998826,18.51180500011742,1.032149348773218
310,14,127.0,988.4,1688.9,1635.0983725000417,53.801627499958386,3.185601723012516
311,3,621.0,214.08,779.66,753.2918725000094,26.368127499990578,3.382003373264061
312,6,1193.0,2241.5,1839.47,1851.2151074999604,11.74510749996034,0.638504976974908
313,4,448.0,2055.97,1497.46,1507.1759874999734,9.71598749997338,0.6488311874756841
314,8,466.0,2064.63,1558.12,1576.6720250000433,18.552025000043386,1.1906672785179182
315,12,229.0,1216.16,1696.65,1673.6699250000652,22.980074999934914,1.3544381575419158
316,13,658.0,559.48,1573.12,1491.6591375000573,81.46086249994255,5.178299335075681
317,13,1034.0,2477.98,1842.24,1858.1797300001024,15.939730000102372,0.8652363427187756
318,4,842.0,2464.29,1611.66,1628.5584175000606,16.898417500060532,1.0485100765707738
319,13,837.0,1218.93,1921.68,1907.0093624999254,14.67063750007469,0.7634277038879881
320,11,927.0,1306.37,1804.68,1852.2048749999167,47.52487499991662,2.6334239311078207
321,4,1047.0,1657.68,1605.84,1611.862894999949,6.022894999949131,0.37506196133793723
322,4,262.0,1681.28,1435.34,1449.2090424999637,13.869042499963825,0.9662548594732834
323,7,1126.0,1103.75,2014.72,2035.122962499936,20.40296249993594,1.0126946920632116
324,5,781.0,672.91,1125.36,1155.5092924999976,30.149292499997728,2.6790798055731257
325,5,831.0,591.65,1090.31,1103.8496850000158,13.53968500001588,1.241819757685051
326,7,1089.0,1026.25,2132.85,2092.5092499998973,40.34075000010262,1.8914011768339367
327,1,793.0,2171.07,1421.36,1414.43319500004,6.926804999959813,0.4873364242668862
328,9,368.0,495.12,847.33,858.5913200000288,11.261320000028718,1.329035912811858
329,6,818.0,1130.38,1704.06,1712.6464999999137,8.586499999913713,0.5038848397306265
330,11,667.0,1915.95,1732.2,1768.139937500078,35.93993750007803,2.0748145422051745
331,2,267.0,2116.93,1349.04,1333.2190800000424,15.820919999957596,1.1727539583672535
332,10,1083.0,2105.36,1844.58,1851.8041250000613,7.224125000061349,0.3916406444860808
333,13,529.0,1767.79,2015.18,1967.0048374999544,48.175162500045644,2.3906133695275678
334,9,1155.0,1346.4,2248.12,2187.5352675000627,60.58473249993722,2.6949065218910566
335,7,1185.0,1768.01,2072.18,2013.9243474999453,58.255652500054566,2.8113220135342765
336,5,763.0,1420.94,1777.14,1745.8311099999496,31.308890000050496,1.7617570928599038
337,7,368.0,1231.69,1550.04,1525.4781750000234,24.56182499997658,1.5845929782442119
338,6,659.0,322.1,972.58,963.7559200000258,8.824079999974288,0.9072857759746538
339,14,1138.0,518.18,1696.86,1611.9157125000602,84.94428749993972,5.005969113535572
340,6,172.0,1977.78,1603.89,1573.9192124999486,29.97078750005153,1.8686311093685681
341,6,628.0,311.47,903.3,925.3012624999723,22.001262499972313,2.4356539909191093
342,2,500.0,1246.48,1264.53,1285.824887499976,21.294887499976085,1.6840159980369058
343,8,7.0,2075.6,1422.12,1451.2229925000563,29.102992500056416,2.0464512488437276
344,5,942.0,2092.87,1696.72,1715.0522849999654,18.332284999965395,1.0804543472090502
345,12,81.0,2485.34,1589.65,1596.7594075000598,7.10940750005966,0.447230994247769
346,4,166.0,791.52,866.18,839.0622475000321,27.117752499967878,3.130729467312554
347,3,213.0,1724.85,1344.71,1351.363464999996,6.653464999996004,0.49478809557421327
348,11,1004.0,167.15,1175.65,1204.959559999985,29.309559999984913,2.4930515034223544
349,5,116.0,478.1,624.04,624.8729900000216,0.8329900000215957,0.13348343055278442
350,13,112.0,2299.56,1807.67,1767.493339999947,40.17666000005306,2.222566065711831
351,1,43.0,2149.22,1134.47,1129.4574325000526,5.012567499947409,0.44184222588057936
352,2,660.0,1944.4,1531.2,1512.999257500066,18.200742499933995,1.188658731709378
353,10,888.0,298.68,1171.54,1187.3916075000159,15.851607500015916,1.3530573006483702
354,10,860.0,2380.76,1759.97,1768.510609999974,8.540609999973867,0.48527020346789246
355,10,1187.0,1981.09,2013.21,1973.1060449999918,40.10395500000823,1.9920403236626196
356,12,1139.0,124.65,1314.3,1312.5501474999314,1.7498525000685277,0.13313950392364968
357,5,966.0,359.51,927.98,955.5646249999804,27.584624999980406,2.972545205713529
358,10,796.0,1352.08,2000.19,1945.8134800000967,54.376519999903394,2.718567736060244
359,9,72.0,1281.32,1515.54,1505.3245200000108,10.215479999989157,0.6740488538731513
360,10,215.0,2440.91,1638.66,1618.768815000072,19.8911849999281,1.2138689538969707
361,7,671.0,1297.02,1703.2,1680.0240675000657,23.175932499934333,1.360728775242739
362,5,230.0,333.69,538.36,567.6933975000226,29.333397500022556,5.448658425593015
363,5,467.0,1243.31,1549.82,1508.7653675000158,41.05463249998411,2.6489935928033006
364,13,247.0,2339.61,1705.9,1740.0994425000672,34.19944250006711,2.0047741661332497
365,14,777.0,1248.61,1837.25,1863.045697499991,25.795697499991093,1.4040385086401466
366,11,740.0,1171.99,902.09,1236.5716774999528,334.48167749995275,37.07852625568987
367,6,884.0,1798.31,1897.87,1853.3000050000594,44.56999499994049,2.3484219150911545
368,5,789.0,1853.31,1792.88,1759.227552499931,33.652447500069,1.877005014282551
369,4,825.0,874.99,784.52,993.9116300000212,209.39163000002122,26.690413246318922
370,2,301.0,769.23,731.28,735.3369974999744,4.056997499974386,0.5547803167014531
371,12,1007.0,1353.77,1925.32,1952.4250475000463,27.10504750004634,1.4078203883014948
372,5,865.0,644.79,1202.46,1204.5239899999833,2.063989999983278,0.17164728972134438
373,14,81.0,1251.97,1682.62,1678.4932450000358,4.126754999964078,0.24525769335703118
374,8,1159.0,2175.27,1752.18,1794.8081874999543,42.628187499954265,2.432865772920263
375,11,496.0,373.98,1152.99,1112.296112500072,40.693887499927996,3.529422414758844
376,1,752.0,1632.35,1362.39,1371.5841124999645,9.194112499964376,0.6748517311463219
377,5,1014.0,1853.57,1749.31,1749.5477224999283,0.23772249992839534,0.013589500999159402
378,9,686.0,145.66,972.95,999.3304725000439,26.38047250004388,2.7113903592213244
379,5,654.0,1272.89,1724.68,1689.2117249999728,35.46827500002723,2.0565133821942174
380,8,621.0,2391.34,1593.12,1604.0547725000504,10.934772500050485,0.686374692430607
381,9,1080.0,539.51,1306.91,1341.7644525000355,34.85445250003545,2.6669359405035884
382,10,714.0,269.06,1067.81,1081.7440650000365,13.934065000036526,1.3049198827540973
383,10,816.0,1425.64,1872.81,1890.1686324999162,17.35863249991621,0.9268763248763202
384,14,1122.0,1766.25,2239.35,2166.874719999903,72.47528000009697,3.23644271775725
385,4,1202.0,1074.87,1501.24,1494.319017500079,6.92098249992091,0.46101772534177815
386,5,651.0,1573.3,1682.08,1683.9651025000358,1.8851025000358277,0.11206972914699823
387,14,1100.0,237.69,1265.57,1294.4887249999888,28.918724999988854,2.285035596607762
388,14,296.0,485.68,924.9,968.1050274999546,43.20502749995467,4.671318791215771
389,1,697.0,2148.5,1421.07,1403.1916450000244,17.8783549999755,1.2580910862924064
390,6,1044.0,47.46,1133.45,1112.527642500051,20.922357499949157,1.8459003484890517
391,12,398.0,2481.44,1755.18,1721.9885074999515,33.191492500048525,1.891059179118297
392,3,139.0,2428.89,1345.66,1354.2059150000416,8.545915000041532,0.6350723808422285
393,6,84.0,852.7,1109.32,1109.4447699999657,0.12476999996579252,0.01124743085546033
394,2,423.0,1639.17,1367.64,1351.0054099999745,16.634590000025582,1.216298879824046
395,11,815.0,2385.6,1872.44,1834.9937075000853,37.44629249991476,1.9998660838218987
396,6,577.0,897.74,1257.31,1306.8791249999715,49.569124999971564,3.9424744096500914
397,8,200.0,1508.89,1461.33,1493.236697500044,31.906697500044174,2.183401250918285
398,9,1102.0,540.6,1455.85,1408.3005824999832,47.549417500016716,3.266093175809096
399,12,508.0,1970.54,1770.91,1777.446670000051,6.53667000005089,0.36911361955440364
400,13,1024.0,1712.85,2097.69,2071.8877700001044,25.802229999895644,1.2300306527606863
401,7,1161.0,1499.97,1862.45,1907.3251925000957,44.875192500095636,2.409470992515001
402,2,730.0,285.24,624.78,640.9229649999875,16.1429649999875,2.5837838919279585
403,13,996.0,1809.2,1956.89,1962.9171724999,6.027172499899962,0.3079975113521946
404,5,1160.0,1901.83,1673.89,1684.2790799999295,10.389079999929436,0.6206548817383123
405,2,1139.0,306.43,726.14,729.617537500002,3.477537500001972,0.4789073043768381
406,14,191.0,2442.76,1798.47,1774.8153224999703,23.65467750002972,1.3152667267193625
407,7,776.0,2447.82,1826.93,1775.9505124999614,50.97948750003866,2.7904455835767465
408,14,414.0,1919.7,1918.89,1879.8442924999129,39.045707500087246,2.0348069717434165
409,7,847.0,1994.62,1851.7,1814.8045425000794,36.89545749992067,1.9925180914792173
410,6,924.0,1227.21,1871.76,1833.8301049998913,37.92989500010867,2.0264294033481147
411,2,933.0,1589.58,1489.99,1480.9926800000933,8.997319999906722,0.6038510325510051
412,1,211.0,958.08,891.9,926.751594999952,34.851594999952,3.9075675524108084
413,10,773.0,865.92,1837.11,1761.2929750000615,75.81702499993844,4.126972527499086
414,3,196.0,1211.68,1229.87,1215.930437500058,13.939562499941985,1.1334175563223745
415,14,49.0,954.02,1480.87,1463.9378950000469,16.932104999953026,1.1433890213153772
416,5,477.0,655.24,935.38,966.353649999941,30.973649999941017,3.3113440526781646
417,5,828.0,1606.84,1690.82,1716.3370225000567,25.517022500056783,1.5091507375153348
418,11,458.0,1364.29,1649.04,1664.1731925000188,15.133192500018822,0.917697114686049
419,3,289.0,1245.67,1279.31,1278.5198399999776,0.790160000022297,0.06176454495175501
420,1,1060.0,501.67,658.14,659.1294949999972,0.9894949999971914,0.15034719056692974
421,5,1085.0,2486.43,1664.83,1674.6730000000136,9.843000000013717,0.5912315371547676
422,4,675.0,381.48,779.68,796.2906450000216,16.61064500002169,2.130443900064346
423,8,415.0,1214.97,1473.75,1483.9971499999908,10.247149999990825,0.6953112807457726
424,6,425.0,709.75,1114.9,1083.9254999999594,30.974500000040734,2.7782312315042366
425,7,313.0,2408.02,1637.65,1623.91927250005,13.730727499950035,0.8384409061734824
426,13,235.0,426.07,897.26,910.6224174999403,13.362417499940307,1.4892469852596022
427,7,635.0,1406.31,1630.66,1640.8385750000637,10.178575000063574,0.6241997105505485
428,10,1009.0,2164.22,1889.87,1857.276602500081,32.593397499918865,1.7246370120653203
429,3,692.0,450.7,748.57,756.252099999972,7.682099999971911,1.026236691287643
430,2,91.0,1073.76,1013.78,1045.9388849999416,32.15888499994162,3.172175915873426
431,8,1187.0,1045.91,2047.06,2037.4105249998756,9.649475000124312,0.4713821285220908
432,14,600.0,1120.05,1847.84,1827.056282499925,20.783717500075,1.1247574194776062
433,5,210.0,710.49,483.34,624.3992425000051,141.05924250000515,29.184268320438026
434,12,10.0,1203.1,1564.9,1567.0555675000542,2.155567500054076,0.13774474407655926
435,1,452.0,275.05,282.89,278.5977975000012,4.29220249999878,1.517269079853929
436,4,256.0,2218.74,1476.03,1473.148060000017,2.881939999982933,0.19524941904859203
437,8,312.0,2383.17,1557.27,1562.116762499909,4.846762499909119,0.3112345643279019
438,2,1175.0,816.2,1237.62,1175.192410000052,62.42758999994794,5.044164606256197
439,11,960.0,383.64,1248.46,1247.9571999999805,0.5028000000195334,0.040273617097827195
440,6,690.0,1009.37,1559.83,1550.8332125000275,8.99678749997247,0.5767800016650834
441,14,487.0,579.29,1516.68,1418.6715124999798,98.00848750002024,6.462041267770409
442,8,75.0,315.71,593.83,614.8832875000236,21.053287500023544,3.5453391543073844
443,13,360.0,271.93,1017.64,1008.3149600000276,9.325039999972432,0.9163397665159028
444,11,708.0,1871.77,1916.37,1883.857517500075,32.512482499925,1.6965660336952155
445,3,182.0,347.82,384.77,400.6840950000093,15.914095000009297,4.136002027187488
446,10,683.0,2442.92,1643.68,1670.8938524999562,27.213852499956147,1.6556660968044963
447,5,392.0,1264.6,1465.72,1483.816422499987,18.096422499987057,1.2346438951496232
448,10,175.0,1443.25,1635.5,1614.2234825000103,21.276517499989723,1.3009182207269778
449,7,577.0,1959.13,1603.6,1621.2971174999582,17.697117499958267,1.103586773507001
450,13,799.0,951.92,1793.36,1792.996572500084,0.36342749991581513,0.020265172632143863
451,13,608.0,370.89,1170.54,1184.6123325000117,14.072332500011726,1.2022085960336022
452,7,194.0,202.49,686.23,694.7153874999947,8.485387499994658,1.2365223758790287
453,13,889.0,232.72,1394.38,1328.3533449999402,66.02665500005992,4.735198080871779
454,7,901.0,136.8,1222.6,1164.89146500001,57.70853499998998,4.720148454113364
455,1,698.0,1525.82,1398.75,1390.4805725000003,8.269427499999665,0.5912012511170449
456,9,592.0,793.55,1235.69,1261.4388425000066,25.748842500006504,2.083762310936117
457,14,1015.0,871.76,1846.41,1892.519137500079,46.10913750007899,2.4972317903433683
458,9,524.0,136.46,848.89,866.4353175000153,17.545317500015358,2.0668540682556467
459,5,781.0,2114.27,1789.85,1758.1272849999177,31.72271500008219,1.772367237482593
460,3,200.0,58.24,494.63,487.4416999999721,7.18830000002788,1.4532680993930573
461,5,503.0,2335.55,1649.42,1592.4494574999624,56.97054250003771,3.453974275808327
462,11,667.0,2221.67,1872.89,1824.292229999948,48.59777000005215,2.594801082821316
463,7,336.0,1843.58,1691.68,1657.798497499947,33.8815025000531,2.0028316525615426
464,4,217.0,1506.46,1455.37,1414.3114525000624,41.058547499937504,2.821175886540021
465,8,207.0,1146.93,1479.01,1478.9250299999094,0.08497000009060685,0.0057450592011282445
466,7,690.0,1807.71,1710.98,1713.9983275001123,3.018327500112264,0.17640928006828038
467,2,251.0,1916.43,1285.2,1301.3699325000725,16.16993250007249,1.258164682545323
468,4,627.0,956.98,1337.63,1337.3689824999376,0.2610175000625077,0.019513430474982444
469,1,432.0,581.71,448.34,454.0857275000177,5.745727500017722,1.2815558504745779
470,4,1194.0,2250.51,1691.15,1655.202185000053,35.94781499994701,2.1256432013687143
471,10,64.0,455.9,774.64,772.852555000009,1.787444999990953,0.23074524940500787
472,8,15.0,377.85,657.8,654.615054999999,3.184945000000994,0.4841813621162958
473,11,741.0,1207.39,1878.06,1790.0765974999,87.98340250010006,4.68480253560057
474,8,638.0,1007.48,1483.06,1501.4354149999376,18.375414999937675,1.2390203363274361
475,12,965.0,1700.28,1879.09,1890.0545599999334,10.964559999933499,0.5835037172212879
476,8,1182.0,990.07,1840.75,1895.6192849999784,54.86928499997839,2.9808113540664616
477,13,1062.0,869.28,2090.54,2000.0346325000241,90.50536749997582,4.329281788436281
478,1,754.0,1220.47,1346.14,1330.9626199999693,15.17738000003078,1.1274741111645727
479,14,767.0,186.47,1292.77,1244.3232274999586,48.446772500041334,3.7475167663266733
480,11,775.0,1752.23,1809.29,1827.844127500029,18.554127500028926,1.0254921820177487
481,8,592.0,1402.98,1561.41,1557.0156975000564,4.394302499943706,0.2814316867410677
482,6,957.0,727.75,1448.72,1440.6865399999979,8.033460000002151,0.5545212325364564
483,9,800.0,2167.72,1726.51,1730.1495749999174,3.639574999917386,0.21080532403040736
484,6,1198.0,222.6,1107.96,1106.1316349999727,1.828365000027361,0.16502084913059686
485,3,1092.0,1737.65,1462.01,1476.3481424999031,14.338142499903142,0.98071439319178
486,12,958.0,2499.84,1791.69,1785.3538525000704,6.336147499929666,0.3536408363014621
487,11,955.0,1282.19,2000.42,1963.6247524999358,36.795247500064306,1.8393761060209508
488,11,605.0,1880.69,1711.55,1735.2897049999208,23.739704999920832,1.3870295930542977
489,7,670.0,1558.02,1702.81,1702.546184999944,0.26381500005595626,0.01549292052877046
490,11,844.0,1962.77,1787.57,1807.2674825000613,19.69748250006137,1.1019139110670557
491,3,718.0,1158.02,1416.98,1436.5543725000646,19.574372500064555,1.381414875302725
492,6,323.0,1477.23,1608.55,1591.7490899999261,16.800910000073827,1.0444754592691448
493,14,616.0,2374.41,1828.37,1849.322562500049,20.952562500048998,1.1459694974238803
494,8,752.0,1519.78,1662.92,1659.4611824999693,3.4588175000308183,0.20799662641803685
495,1,1166.0,1423.69,1412.13,1385.595634999928,26.534365000072057,1.8790313214840033
496,3,1187.0,1632.14,1451.85,1475.2801999999406,23.43019999994067,1.613816854354146
497,3,1013.0,166.52,711.07,744.2688549999746,33.198854999974515,4.668858902776733
498,5,741.0,429.24,951.92,961.1613649999723,9.241364999972348,0.9708131985852118
499,14,467.0,2176.26,1809.83,1822.2854000000189,12.455400000018926,0.6882082847570726
500,3,224.0,358.77,406.36,431.0309350000195,24.670935000019483,6.071201643867378
501,3,712.0,512.23,751.16,779.6516525000061,28.491652500006126,3.7930204616867416
502,12,218.0,901.03,1371.86,1374.37422500003,2.5142250000301374,0.18327125217078546
503,6,373.0,587.38,956.61,941.4574274999726,15.152572500027418,1.5839864208013106
504,8,562.0,2479.33,1478.31,1533.1624074999445,54.85240749994455,3.7104807178429793
505,5,132.0,2387.03,1454.05,1471.9780974999321,17.928097499932164,1.2329766858039384
506,3,98.0,871.46,866.05,927.2511049999566,61.20110499995667,7.066694186242905
507,14,545.0,1206.76,1977.89,1937.4920824999122,40.39791750008794,2.042475441004704
508,1,869.0,1498.88,1398.94,1393.6334575000408,5.306542499959278,0.379325953933641
509,2,875.0,393.25,640.56,655.1894475000315,14.629447500031574,2.2838528006793393
510,8,888.0,2296.07,1718.71,1738.776884999972,20.06688499997199,1.167555026733538
511,1,716.0,1396.41,1376.59,1376.1162299999473,0.47377000005258196,0.034416202358914565
512,8,1025.0,1031.33,2214.64,2155.040857499909,59.59914250009069,2.6911435944483393
513,9,1064.0,2016.76,1810.94,1803.2620975001166,7.67790249988343,0.42397332324005377
514,4,463.0,1963.41,1607.34,1565.3173074999263,42.02269250007362,2.614424608363733
515,1,678.0,1478.57,1370.31,1374.1665849999665,3.8565849999665716,0.2814388714937913
516,1,436.0,1358.14,1154.03,1167.8404099999634,13.81040999996344,1.1967115239606805
517,5,586.0,2135.36,1661.61,1618.441255000035,43.16874499996493,2.598007053397905
518,1,797.0,126.8,543.18,540.9288199999933,2.251180000006684,0.41444456717969813
519,14,481.0,939.99,877.17,1156.979704999966,279.80970499996613,31.89914212751988
520,7,172.0,1486.86,1557.94,1542.957040000054,14.98295999994616,0.9617161122986867
521,10,1192.0,23.47,1157.87,1211.4989075000383,53.628907500038395,4.63168641557674
522,7,981.0,658.85,1351.69,1404.1586275000393,52.46862750003925,3.8817056795596065
523,10,692.0,1671.71,1701.23,1727.9832450001027,26.753245000102652,1.5725824844437644
524,13,710.0,2223.86,1979.83,1937.8494800000371,41.98051999996278,2.120410338259486
525,12,380.0,1526.79,1787.41,1757.2945400000735,30.115459999926543,1.6848658114213606
526,3,133.0,1728.5,1373.4,1352.0357350000168,21.364264999983334,1.5555748507341876
527,4,730.0,799.25,1250.66,1199.6806500000428,50.97934999995732,4.076195768630749
528,12,1070.0,1055.51,2030.76,2050.676539999904,19.91653999990399,0.9807431700399845
529,8,1185.0,554.98,1545.67,1484.2436324999499,61.42636750005022,3.974093273470418
530,11,456.0,2223.72,1600.1,1618.3118424999416,18.211842499941667,1.1381690206825616
531,12,85.0,1056.43,1466.31,1478.6067449999366,12.296744999936664,0.8386183685534889
532,2,543.0,103.37,544.12,542.2311125000372,1.8888874999628342,0.34714539071580425
533,6,367.0,1947.68,1606.76,1619.922894999899,13.162894999898981,0.8192197341170419
534,1,481.0,1792.17,1215.84,1202.1228724999814,13.717127500018478,1.128201695948355
535,5,233.0,1862.04,1562.23,1518.4939625000839,43.736037499916165,2.7995901691758682
536,1,45.0,1070.22,922.69,961.4023249999578,38.71232499995779,4.195593861422339
537,5,152.0,2444.81,1523.75,1508.6934624999878,15.056537500012155,0.9881238720270488
538,7,344.0,1242.05,1514.4,1519.420690000037,5.020690000036893,0.3315299788719554
539,5,320.0,1584.55,1584.73,1567.2110125000788,17.518987499921195,1.1054872123277275
540,9,989.0,378.12,1193.72,1203.035375000026,9.315375000026052,0.7803651610114642
541,10,57.0,936.89,1237.07,1263.8650324999876,26.795032499987656,2.166007784522109
542,12,342.0,2253.61,1659.5,1666.8280749999956,7.328074999995579,0.44158330822510267
543,2,983.0,2109.93,1519.98,1520.5967325000765,0.6167325000765231,0.04057504046609318
544,10,886.0,1990.03,1749.93,1769.043947499968,19.113947499967935,1.092269262197227
545,10,5.0,836.86,1116.56,1150.802392500001,34.24239250000096,3.0667758562012755
546,3,80.0,517.54,457.49,493.3466674999911,35.85666749999109,7.837694266539398
547,8,482.0,1411.49,631.81,987.2914875000279,355.4814875000279,56.26398561276776
548,4,11.0,312.01,426.22,438.7839174999775,12.563917499977492,2.947754094124511
549,12,1075.0,2328.11,1798.38,1821.3302199999355,22.95021999993537,1.2761607669088495
550,13,632.0,268.91,1396.28,1307.4967399999841,88.78326000001584,6.358557022947821
551,8,323.0,46.48,703.45,738.681635000021,35.2316350000209,5.0084064254774185
552,11,527.0,1550.32,1806.06,1793.9154899998916,12.144510000108312,0.6724311484728255
553,5,948.0,898.6,1499.68,1491.6345524999886,8.045447500011505,0.5364776152253484
554,5,504.0,1502.63,1628.66,1573.0841550000464,55.57584499995369,3.4123663011281473
555,10,793.0,1422.29,2007.62,1952.2798675000602,55.34013249993973,2.756504343448448
556,13,32.0,232.43,805.12,778.1728350000425,26.947164999957522,3.3469749850901134
557,9,768.0,1815.6,1666.18,1689.0256124999783,22.845612499978188,1.3711371220383264
558,9,994.0,1742.62,1849.58,1853.9662625000428,4.386262500042903,0.23714910952988805
559,1,1105.0,1432.3,1387.17,1374.0971749999487,13.072825000051353,0.9424097262809427
560,12,178.0,507.59,907.19,910.6719874999708,3.481987499970728,0.3838211951157671
561,10,472.0,431.95,924.65,943.5861424999564,18.936142499956418,2.047925431239541
562,5,716.0,1111.23,1492.08,1528.0347050000453,35.95470500004535,2.4097035681763277
563,3,771.0,725.67,1166.93,1119.6427625000308,47.28723749996925,4.05227712887399
564,13,1054.0,1131.25,2162.03,2146.6937925000516,15.336207499948614,0.7093429554607759
565,10,872.0,2191.27,1776.62,1779.1402475000566,2.520247500056712,0.14185630579734057
566,12,1077.0,32.55,1387.43,1374.073967499973,13.35603250002714,0.9626455028381352
567,12,211.0,749.56,1285.23,1226.818917500037,58.41108249996296,4.544796067627036
568,4,199.0,1310.01,1400.57,1367.2894600000193,33.28053999998065,2.3762139700251077
569,2,1029.0,1702.6,1577.55,1543.468257499944,34.08174250005595,2.160422332100786
570,10,643.0,2263.77,1685.92,1666.73368249995,19.18631750005011,1.138032498579417
571,10,797.0,1706.73,1724.42,1770.899399999987,46.47939999998698,2.695364238409841
572,12,657.0,322.5,1113.16,1143.9943250000406,30.834325000040508,2.769981404294127
573,8,177.0,486.06,751.58,768.4535650000262,16.873565000026133,2.245079033506231
574,2,222.0,456.24,437.4,434.3111024999865,3.088897500013502,0.7061951303185876
575,3,555.0,2342.76,1458.63,1460.3502224999513,1.7202224999512055,0.11793412311218097
576,2,785.0,1964.63,1522.76,1517.6101849999168,5.149815000083208,0.3381895374243616
577,5,104.0,281.67,464.68,504.02659749999145,39.34659749999145,8.467460940860688
578,1,673.0,2026.16,1372.83,1383.9889800000356,11.158980000035626,0.812844999019225
579,10,877.0,1711.12,1897.37,1862.541477500059,34.828522499940846,1.8356210175105987
580,1,250.0,1300.17,1145.33,1141.7632075000226,3.566792499977282,0.3114205076246394
581,1,467.0,296.49,221.23,266.3980924999929,45.16809249999292,20.416802648823815
582,10,1026.0,828.82,1865.67,1807.4512374999658,58.218762500034245,3.1205284160668416
583,11,1106.0,2250.54,2050.62,1999.4366725000593,51.18332749994056,2.49599279729743
584,12,452.0,816.56,1243.1,1246.3462524999993,3.2462524999994002,0.26114170219607435
585,14,865.0,2497.16,1885.87,1877.779745000073,8.090254999926856,0.4289932497959486
586,8,107.0,2450.89,1468.19,1490.8920100000564,22.70201000005636,1.5462583180689393
587,8,80.0,1092.18,1365.73,1381.0411950000528,15.311195000052749,1.1210997049235756
588,8,945.0,766.98,1625.53,1633.2234775000195,7.693477500019526,0.4732904037464412
589,13,1140.0,1607.8,2214.64,2177.3707549999313,37.26924500006862,1.6828579362816811
590,2,636.0,1438.19,1435.96,1436.8625924999744,0.9025924999743893,0.06285638179158119
591,14,865.0,1422.11,1921.18,1925.8611774999422,4.681177499942123,0.24366157777730993
592,12,482.0,1710.47,1746.74,1750.0858075000874,3.3458075000874032,0.19154582250863914
593,2,68.0,756.61,648.53,664.1928974999861,15.662897499986116,2.415138466992447
594,14,512.0,526.84,1306.64,1315.8238074999826,9.18380749998255,0.7028567547283527
595,14,1001.0,1647.24,2080.0,2066.3990500000236,13.600949999976365,0.6538918269219406
596,1,547.0,573.6,616.27,584.6250750000161,31.644924999983914,5.13491245719959
597,10,5.0,1338.9,1610.25,1569.0009050000106,41.24909499998944,2.5616578171084887
598,3,1158.0,1107.4,1361.3,1400.0419149999334,38.74191499993344,2.8459498273660064
599,1,993.0,1143.58,1328.85,1322.1724924999864,6.677507500013462,0.502502727923653
600,6,378.0,837.63,1215.96,1185.8316724999788,30.128327500021214,2.4777400161206957
601,11,1156.0,2231.86,1988.56,1977.0589999999208,11.501000000079102,0.5783582089592018
602,5,1050.0,882.86,1430.04,1452.3768300000188,22.336830000018836,1.56197239238195
603,8,836.0,735.52,1606.63,1544.720472499947,61.90952750005317,3.853378033526896
604,11,654.0,1516.42,1870.43,1865.8375149999417,4.592485000058332,0.24553097416414044
605,8,633.0,1308.36,1639.12,1628.090202500062,11.029797499937786,0.6729097015433761
606,12,713.0,1642.01,1873.19,1876.9938900000889,3.8038900000888134,0.20307016373613
607,5,96.0,1105.47,1312.16,1269.5598675000426,42.60013249995745,3.2465653959850513
608,7,1054.0,576.47,1344.18,1338.0438524999793,6.1361475000207975,0.4564974556994448
609,12,495.0,1948.13,1831.92,1801.4100549999885,30.509945000011612,1.6654627385481686
610,1,1068.0,2011.28,1421.45,1373.2475225000694,48.20247749993064,3.3910779485687597
611,7,1000.0,1620.46,1971.23,1961.1862300001555,10.043769999844471,0.5095179152024102
612,13,855.0,1798.75,1951.77,1943.9077399998616,7.862260000138349,0.40282717738966933
613,8,544.0,1279.51,1483.77,1518.9928499999241,35.222849999924165,2.3738753310772
614,11,816.0,544.99,1077.12,1181.7834750000552,104.66347500005531,9.716974431823319
615,5,1080.0,2383.82,1664.76,1676.7172024999043,11.95720249990427,0.7182538323784972
616,8,1124.0,1908.69,1833.27,1838.4623174998958,5.1923174998958075,0.28322710238512644
617,3,29.0,1632.85,1269.1,1252.7062974999974,16.39370250000252,1.2917581356869057
618,6,470.0,2235.72,1628.6,1629.4924474999384,0.8924474999384984,0.054798446514705786
619,7,287.0,2293.5,1558.09,1562.7680424999526,4.678042499952653,0.3002421233659579
620,4,72.0,1367.29,1302.97,1273.8538525000142,29.1161474999858,2.2345984558344245
621,6,344.0,233.31,800.18,802.9707125000295,2.790712500029599,0.3487605913706415
622,8,801.0,1241.21,1780.65,1707.8556300000696,72.7943699999305,4.088078510652317
623,5,629.0,484.34,1029.87,992.6105650000584,37.259434999941504,3.617877499096149
624,11,327.0,961.08,1356.46,1379.8756824999741,23.415682499974082,1.7262346475365349
625,14,94.0,105.94,1180.63,1007.9680724999516,172.66192750004848,14.624558710184262
626,4,1113.0,2103.82,1695.08,1659.6390675000325,35.4409324999674,2.0908117905920314
627,14,267.0,2090.21,1968.4,1897.0033325000716,71.39666749992853,3.627142222105696
628,1,979.0,1292.54,1313.53,1321.7845199999906,8.254519999990634,0.6284226473693508
629,10,625.0,519.94,1229.41,1201.9783700000355,27.43162999996457,2.2312841118881876
630,14,457.0,848.61,1492.64,1411.8937549999594,80.74624500004074,5.409626232717918
631,11,398.0,723.39,1154.77,1137.4817424999947,17.28825750000533,1.497116958355805
632,14,68.0,438.96,866.76,868.849292499949,2.0892924999490106,0.24104625270536373
633,3,769.0,2497.93,1587.8,1562.743022499941,25.05697750005902,1.578094060968574
634,13,694.0,1054.31,1815.02,1801.3131624998857,13.706837500114261,0.7551893367629151
635,12,1088.0,1977.91,1883.21,1901.1907574999714,17.980757499971332,0.954793012992249
636,9,101.0,950.23,1281.64,1291.5045324999762,9.864532499976121,0.7696804484860117
637,1,170.0,2452.85,1209.08,1193.6855100000446,15.39448999995534,1.2732399841164639
638,12,1135.0,475.95,1447.39,1430.2333824999546,17.156617500045513,1.1853486275326977
639,3,1109.0,2092.26,1436.66,1457.3711875000429,20.711187500042797,1.4416206687763837
640,7,753.0,358.13,1084.79,1075.1780950000332,9.611904999966782,0.8860613574947024
641,2,521.0,467.19,667.85,615.9050550000268,51.944944999973245,7.777935913749083
642,12,1003.0,983.23,1996.18,1991.6631274999397,4.5168725000603445,0.22627581180356202
643,3,269.0,708.05,799.12,778.7596125000443,20.360387499955664,2.547851073675501
644,14,646.0,2418.19,1931.21,1896.3724524999916,34.83754750000844,1.8039233175060423
645,14,1153.0,346.58,1292.93,1321.0398599999894,28.10985999998934,2.1741207954018655
646,4,18.0,289.06,380.88,415.38389249997147,34.50389249997147,9.058992989910594
647,13,1167.0,1074.36,2197.33,2166.1363200000364,31.19367999996348,1.419617444806355
648,1,1113.0,1536.0,1403.6,1385.3394599999656,18.260540000034325,1.3009789113732064
649,6,930.0,1907.95,1788.75,1799.2099100000069,10.459910000006857,0.5847608665272876
650,5,714.0,617.72,1164.2,1132.3733900000543,31.82660999994573,2.733775124544385
651,7,256.0,2180.53,1548.87,1547.1428925000475,1.7271074999523535,0.11150758294449202
652,9,1063.0,2497.79,1761.94,1770.7369775001023,8.79697750010223,0.4992779266094322
653,11,512.0,2016.19,1710.53,1718.137070000022,7.607070000022077,0.4447200575273206
654,9,463.0,1024.53,1476.48,1462.983975000065,13.496024999935116,0.9140675796445001
655,12,714.0,2003.23,1829.06,1842.3139249999247,13.25392499992472,0.7246304112453785
656,9,1165.0,1868.79,1945.95,1922.8856650000773,23.06433499992272,1.185248079340308
657,1,872.0,2420.07,1456.34,1445.2166574999678,11.123342500032095,0.7637874740810591
658,10,631.0,1220.71,1730.86,1701.8865500000738,28.97344999992606,1.673933767024835
659,9,633.0,888.17,1384.78,1427.5159574999923,42.73595749999231,3.0861189141952012
660,4,1065.0,119.34,781.82,790.8432649999622,9.02326499996218,1.154135862469901
661,12,947.0,193.05,1225.63,1244.6443274999374,19.01432749993728,1.5513921411794163
662,4,159.0,568.58,647.0,653.9323925000049,6.93239250000488,1.0714671561058549
663,1,292.0,449.83,363.02,356.64052500000696,6.379474999993022,1.7573343066478493
664,1,1115.0,926.13,1192.88,1180.962707499936,11.91729250006415,0.999035317891502
665,7,1168.0,667.94,1639.55,1557.7484874999348,81.8015125000652,4.989266109607222
666,4,348.0,2047.08,1507.04,1499.2388025000091,7.801197499990849,0.5176503277942754
667,8,77.0,1930.98,1485.69,1496.449422500062,10.759422500061874,0.7242037369883269
668,7,1033.0,1013.03,2119.83,2077.445042500024,42.384957499975826,1.9994507814294462
669,4,672.0,1603.52,1612.43,1610.830502499966,1.5994975000339764,0.09919794968054281
670,4,1191.0,999.45,1478.93,1471.8207374999915,7.109262500008526,0.480703109681224
671,8,392.0,661.27,978.13,974.6702674999548,3.45973250004522,0.3537088628347173
672,7,951.0,584.4,1253.76,1296.0519824999196,42.29198249991964,3.3732119783626566
673,5,778.0,2423.47,1643.96,1675.5921224999645,31.632122499964453,1.9241418586805308
674,11,958.0,1999.13,1900.18,1872.3171074999636,27.862892500036423,1.4663291109282501
675,3,186.0,1068.31,1152.04,1146.35501000003,5.684989999969957,0.4934715808452795
676,5,1116.0,2460.46,1711.97,1700.5494774999688,11.420522500031211,0.6670982844343775
677,13,63.0,107.92,710.25,738.9769299999939,28.7269299999939,4.044622316085026
678,6,170.0,476.99,600.23,638.246692499993,38.01669249999293,6.333687503122624
679,3,870.0,413.23,795.8,785.1412149999722,10.658785000027706,1.3393798693173795
680,12,852.0,1957.9,1944.89,1920.2809074999127,24.6090925000874,1.2653205322711
681,6,420.0,386.77,929.16,909.4369325000222,19.723067499977788,2.1226772030627434
682,6,668.0,1922.45,1796.98,1761.8306100001078,35.149389999892264,1.9560256652768682
683,8,795.0,1645.99,644.69,1044.270764999968,399.58076499996787,61.98029518062446
684,4,420.0,927.74,1238.04,1236.8567850000118,1.183214999988195,0.0955716293486636
685,12,1074.0,2407.71,1843.97,1835.2792949999491,8.690705000050912,0.4713040342332528
686,12,916.0,2394.85,1740.85,1761.405532499931,20.555532499931132,1.1807756268449972
687,4,1075.0,586.17,1023.65,1028.3821649999588,4.732164999958854,0.4622834953313002
688,5,1143.0,1217.72,1745.09,1706.3080424999382,38.78195750006171,2.22234712823188
689,2,719.0,591.44,755.3,794.8287399999679,39.52873999996791,5.233515159535008
690,4,197.0,1858.84,1416.33,1429.3566900000358,13.026690000035842,0.9197496346215813
691,6,248.0,395.4,710.15,713.953074999965,3.8030749999650197,0.5355312257924411
692,10,834.0,1820.8,1883.49,1844.9151550000993,38.57484499990073,2.04805148951684
693,1,1112.0,2011.44,1423.85,1315.376940000001,108.4730599999989,7.618292657232075
694,12,1189.0,1453.16,2162.13,2139.1143699999616,23.015630000038527,1.0644887217715182
695,14,269.0,1349.61,1832.34,1819.8731274999498,12.466872500050158,0.6803798694592793
696,7,671.0,1262.85,1600.42,1631.0940374999827,30.67403749998266,1.9166242298885705
697,9,52.0,350.58,601.81,644.9387425000239,43.12874250002392,7.166504793875795
698,14,976.0,1526.58,1995.87,2009.9541175000704,14.084117500070533,0.7056630692415105
699,2,370.0,1554.5,1311.23,1316.7048525000332,5.474852500033194,0.4175356344831337
700,4,1180.0,1948.55,1565.16,1591.463460000054,26.303460000053974,1.6805604538867573
701,5,36.0,2022.94,1410.58,1399.8680000000304,10.711999999969521,0.7594039331317275
702,5,691.0,1030.64,1465.26,1473.708364999907,8.448364999906971,0.5765778769574663
703,8,52.0,2353.5,1485.05,1482.848017499938,2.2019825000620585,0.14827665735578321
704,11,24.0,2029.04,1569.37,1573.6986050000735,4.328605000073594,0.2758180034073287
705,8,221.0,936.98,1287.0,1293.0729799999983,6.072979999998324,0.47187101787088764
706,1,85.0,89.83,175.53,208.29025750001057,32.76025750001057,18.663623027408743
707,7,803.0,12.75,1146.78,1092.003584999959,54.77641500004097,4.776540836083727
708,12,893.0,910.41,1862.13,1837.8270924999588,24.30290750004133,1.3051133648048916
709,14,113.0,1091.13,1703.02,1702.2705624998841,0.749437500115846,0.044006382785630585
710,5,516.0,1878.49,669.85,1014.5089875000451,344.6589875000451,51.45315928939988
711,14,904.0,2005.96,1970.01,1961.74828249989,8.26171750011008,0.41937439404419674
712,1,1058.0,1601.04,1465.9,1448.0706050000608,17.829394999939268,1.216276348996471
713,14,555.0,313.73,1201.26,1192.7846874999289,8.47531250007114,0.7055352296814296
714,7,738.0,730.28,1429.72,1392.8556324999952,36.864367500004846,2.5784326651375684
715,8,792.0,2437.24,1556.7,1540.7273750000677,15.97262499993235,1.0260567225497752
716,5,831.0,432.8,901.36,944.6429749999713,43.282974999971316,4.801963144578339
717,7,709.0,320.8,1116.62,1076.0120625000602,40.60793749993968,3.636683697223736
718,9,1078.0,161.85,1260.96,1234.1161749999762,26.8438250000238,2.1288403280059476
719,2,616.0,968.93,1163.1,1174.1165975000165,11.016597500016587,0.9471754363353614
720,2,570.0,2297.12,1423.86,1414.2264050000351,9.633594999964771,0.6765830208001329
721,9,13.0,986.41,1271.52,1289.1856674999483,17.665667499948313,1.3893346152595565
722,7,381.0,2106.96,1705.27,1678.4176774998984,26.852322500101536,1.5746669149226538
723,9,460.0,2424.47,1624.68,1617.1143299999646,7.565670000035425,0.4656713937535653
724,4,425.0,1286.54,1449.26,1434.699094999906,14.560905000093953,1.0047130949652894
725,11,437.0,1053.24,1630.47,1578.0640174999878,52.405982500012215,3.2141641673880668
726,9,1000.0,1901.79,1778.65,1800.8909800000856,22.24098000008553,1.250441627081524
727,1,553.0,1687.11,1295.34,1278.9392774999644,16.4007225000355,1.2661326369938009
728,10,5.0,1094.06,1361.08,1392.090842500028,31.010842500028048,2.2783996899541576
729,12,931.0,864.21,1663.58,1735.6176275000403,72.03762750004034,4.330277323605738
730,6,436.0,914.53,1389.11,1346.8125500000172,42.297449999982746,3.0449316468805745
731,3,1074.0,247.32,636.02,687.7900325000098,51.77003250000985,8.139686252006202
732,9,896.0,1398.54,1727.1,1792.498267499927,65.39826749992699,3.7865941462525035
733,1,462.0,2047.57,1202.9,1209.6303974999948,6.730397499994751,0.5595142987775169
734,3,665.0,2418.16,1490.96,1501.4660799999779,10.506079999977828,0.704652036270445
735,11,532.0,2419.86,1653.69,1664.834145000056,11.144145000055914,0.6738956515462943
736,9,483.0,52.64,949.04,900.4680175000268,48.57198249997316,5.118012149116282
737,12,296.0,326.83,981.72,955.6678300000603,26.05216999993968,2.653727131966312
738,9,131.0,1990.0,1557.2,1561.5618800000752,4.361880000075189,0.2801104546670427
739,6,836.0,2035.17,1718.79,1742.1503675000135,23.36036750001358,1.3591170241864092
740,10,532.0,1223.36,1631.49,1639.38068250009,7.890682500089952,0.48364884247466744
741,14,595.0,2140.61,1989.13,1961.7637124999435,27.366287500056615,1.3757918034546064
742,7,623.0,1894.02,1739.49,1721.2397000001104,18.25029999988965,1.0491753329935585
743,5,1077.0,2234.35,1665.23,1678.519610000077,13.289610000076891,0.7980645316308793
744,5,579.0,1018.52,1468.01,1443.6297174998936,24.380282500106432,1.6607708735026623
745,8,255.0,1817.19,1510.91,1531.7322625000634,20.82226250006329,1.378127254440257
746,8,1009.0,1378.07,1903.76,1932.1078274998777,28.347827499877667,1.4890441809827744
747,10,87.0,498.96,781.97,796.066520000031,14.096520000030978,1.8026931979527319
748,1,809.0,1734.56,1447.25,1416.4319049999938,30.818095000006224,2.129424425635255
749,9,1079.0,1981.94,1763.16,1781.777212500088,18.617212500087817,1.0559003437060628
750,8,1134.0,1049.84,2073.13,2072.0211849999073,1.108815000092818,0.053485068475822455
751,8,403.0,654.97,895.14,937.2891150000038,42.1491150000038,4.7086617735777425
752,8,534.0,429.88,916.02,939.9611799999983,23.941179999998326,2.613608873168525
753,13,564.0,2245.56,1745.09,1805.0198224999365,59.92982249993656,3.4341966603405307
754,2,752.0,958.29,1144.41,1186.319080000048,41.90908000004788,3.662068664206698
755,11,293.0,1410.0,1673.7,1660.5915500000694,13.108449999930599,0.7832018880283562
756,5,919.0,470.23,1119.17,1080.04580999996,39.12419000004002,3.4958219037358056
757,5,103.0,333.22,573.58,562.8003800000236,10.77961999997649,1.8793577181869119
758,1,893.0,19.76,570.71,569.2013774999824,1.5086225000176228,0.26434134674661786
759,12,37.0,52.65,789.01,724.7410924999676,64.26890750003236,8.145512414295428
760,8,1142.0,776.74,1827.44,1744.3018275000818,83.13817249991826,4.549433770734922
761,5,332.0,218.03,801.73,776.9097899999985,24.820210000001566,3.095831514350413
762,7,950.0,1739.62,2032.23,1960.455062500119,71.77493749988093,3.5318314117930023
763,9,223.0,1916.03,1623.73,1596.0531550001006,27.67684499989946,1.7045226115117327
764,6,522.0,1210.87,1577.01,1561.384337499901,15.625662500098997,0.9908410536457598
765,12,46.0,2077.07,1666.29,1647.988305000024,18.301694999976007,1.098349927082081
766,2,252.0,1545.94,1300.19,1289.306417500029,10.883582499970998,0.8370763119214113
767,14,999.0,619.42,1510.57,1515.407545000041,4.837545000041018,0.3202463308579555
768,13,125.0,2004.61,1721.56,1730.5814674999006,9.02146749990061,0.5240286426206818
769,9,597.0,625.99,990.84,1076.8903524999691,86.05035249996911,8.684586058290854
770,3,289.0,853.79,969.85,972.7950725000322,2.945072500032211,0.30366267979916595
771,7,953.0,1918.24,1833.56,1843.516737499929,9.956737499928977,0.5430276347612828
772,4,275.0,2359.64,1483.58,1479.7284800000486,3.851519999951279,0.2596098626263012
773,5,755.0,1584.41,1729.08,1732.7405950000434,3.660595000043486,0.21170767113398375
774,9,803.0,880.17,1589.75,1650.7340625000106,60.98406250001062,3.836078785973305
775,11,293.0,285.14,966.87,937.5052600000603,29.36473999993973,3.037092887351943
776,6,164.0,1460.21,1535.3,1518.1676199999342,17.132380000065723,1.1158978701273838
777,12,675.0,2277.93,1807.33,1807.4004150000405,0.07041500004061163,0.0038960787482425255
778,11,859.0,146.71,1267.98,1211.4926600000188,56.48733999998126,4.4549078061153375
779,2,296.0,1878.7,1354.0,1333.740682500005,20.25931749999495,1.4962568316096714
780,7,300.0,2417.85,1634.04,1612.9221850000179,21.1178149999821,1.2923683018764598
781,2,1155.0,1517.18,1543.17,1524.397974999953,18.77202500004705,1.21645865329465
782,5,765.0,480.48,1038.42,1007.9487549999691,30.47124500003099,2.9343854124565194
783,9,1097.0,2330.2,1728.07,1765.210490000074,37.140490000074124,2.1492468476435636
784,4,422.0,2049.71,1491.9,1494.1480625000297,2.2480625000296186,0.15068452979620742
785,14,1020.0,510.33,1406.95,1451.4678850000714,44.517885000071374,3.1641412274829506
786,4,205.0,545.57,682.22,664.2533250000167,17.966674999983297,2.6335602884675464
787,12,1046.0,1850.85,1875.72,1895.5528899999492,19.832889999949202,1.0573481116557484
788,4,1001.0,739.08,1116.31,1133.8606625000093,17.550662500009366,1.572203285826461
789,9,938.0,742.17,1632.1,1614.261749999955,17.83825000004481,1.0929630537371982
790,5,351.0,407.74,883.11,844.0262224999939,39.083777500006136,4.425697534849128
791,9,748.0,653.42,1249.66,1286.8542300000445,37.1942300000444,2.9763479666504806
792,13,1186.0,2462.26,1906.35,1910.1184299999409,3.768429999940963,0.19767776116353047
793,6,384.0,1656.04,1682.33,1646.9040525000278,35.42594749997215,2.1057668531127756
794,10,150.0,418.41,844.9,831.0015099999715,13.89849000002846,1.6449863889251344
795,10,783.0,158.93,993.55,1026.9790649999609,33.42906499996093,3.364608223034667
796,6,372.0,2494.69,1742.34,1695.570549999946,46.769450000053894,2.684289518696345
797,10,958.0,1643.76,1827.18,1852.3707124999398,25.190712499939764,1.3786661686281463
798,8,34.0,1225.2,1438.52,1430.1321949999435,8.38780500005646,0.5830857409042947
799,7,151.0,2461.93,1516.58,1526.1612700000485,9.581270000048562,0.6317681889546587
800,7,150.0,1379.35,1500.09,1500.6650349999472,0.5750349999473201,0.038333366661155006
801,6,751.0,2085.98,1757.81,1756.0558824999246,1.754117500075381,0.09978993748331054
802,7,568.0,159.12,738.92,784.5195574999751,45.59955749997516,6.171108848045142
803,12,574.0,2240.9,1785.72,1774.6057774999663,11.114222500033748,0.6223944683395912
804,13,36.0,808.38,1190.16,1198.9434150000336,8.783415000033528,0.7380028735660354
805,14,595.0,1818.77,1889.9,1916.5702750000755,26.670275000075435,1.4112003280636771
806,7,381.0,2342.27,1705.24,1681.9386550000713,23.301344999928688,1.3664554549464407
807,14,174.0,815.3,1295.14,1265.858259999995,29.28174000000513,2.2608938029869456
808,11,226.0,2013.45,1590.82,1601.7727150000503,10.952715000050375,0.6884949271476581
809,13,137.0,1505.66,1777.72,1755.5851324999462,22.134867500053815,1.2451267634978407
810,13,774.0,206.45,1110.0,1167.1408099999867,57.140809999986686,5.147820720719522
811,5,1120.0,1514.91,1658.97,1686.9569599999645,27.986959999964483,1.6870082038834024
812,4,862.0,2335.55,1698.94,1673.9301275000862,25.009872499913854,1.4720868600370733
813,8,829.0,1147.89,2004.34,1926.3434474999488,77.99655250005117,3.8913833231912336
814,4,380.0,446.66,764.24,749.8670250000363,14.37297499996373,1.8806886580084436
815,9,238.0,1197.83,1560.78,1552.114432499992,8.66556750000791,0.5552074924081492
816,13,1199.0,493.0,1634.13,1580.2818274999452,53.84817250005494,3.295219627572772
817,12,710.0,1249.41,1921.09,1877.351122499931,43.73887750006884,2.2767739928930366
818,14,719.0,1973.14,1980.99,1962.574620000089,18.41537999991101,0.9296048945179436
819,1,482.0,1697.08,1198.24,1208.0420025000574,9.80200250005737,0.8180333238798045
820,9,444.0,725.31,1062.52,1075.4978600000045,12.977860000004512,1.2214226555739667
821,11,610.0,1990.79,1753.56,1745.9262024999039,7.63379750009608,0.43533141153402677
822,4,238.0,1707.28,1483.48,1465.3252800000657,18.154719999934287,1.2237927036383562
823,2,299.0,1612.7,1282.8,1295.1588824999444,12.358882499944457,0.9634301917636777
824,10,273.0,799.9,1155.05,1148.0962374999526,6.953762500047333,0.6020312973505332
825,3,154.0,274.04,406.91,404.04340249998154,2.866597500018486,0.7044794917840519
826,7,636.0,697.02,1276.06,1267.9523024999762,8.107697500023733,0.63536961428332
827,2,1038.0,685.07,962.14,970.3616125000215,8.221612500021479,0.8545131165964911
828,2,798.0,2334.41,1485.4,1487.499905000043,2.099905000043009,0.14136966473966667
829,12,601.0,2166.56,1918.46,1863.3496749999779,55.11032500002216,2.872633518552493
830,6,290.0,814.04,1077.35,1043.808370000034,33.541629999965835,3.113345709376325
831,8,16.0,259.02,543.56,580.6480950000266,37.08809500002667,6.823183273240613
832,8,303.0,1072.44,1453.25,1435.0432274999832,18.20677250001677,1.2528314123527795
833,11,372.0,2048.26,1632.61,1637.8269700000633,5.216970000063384,0.31954784057817753
834,3,864.0,2338.52,1513.04,1519.1210750000255,6.081075000025521,0.4019110532454873
835,11,913.0,2253.41,1758.56,1782.5866749999193,24.02667499991935,1.3662698457783273
836,14,805.0,834.06,1683.49,1664.2535350000996,19.236464999900363,1.1426539510125016
837,5,905.0,2317.31,1691.38,1717.7506124999295,26.370612499929393,1.5591181461250216
838,10,728.0,226.53,1060.47,1062.6874400000563,2.2174400000562855,0.20909973880037017
839,4,842.0,893.25,1324.64,1276.7307924999764,47.90920750002374,3.6167719153901237
840,5,117.0,953.06,1116.8,1138.9635599999376,22.16355999993766,1.9845594555818107
841,12,307.0,957.17,1432.75,1422.0731199999934,10.676880000006577,0.745201884488332
842,9,51.0,314.81,704.94,675.2058449999823,29.734155000017722,4.217969614437785
843,7,1071.0,841.11,1699.9,1695.3363450000663,4.56365499993376,0.2684660862364704
844,13,922.0,1510.22,1967.87,1964.252755000052,3.617244999947843,0.18381524185783835
845,8,867.0,2373.39,1747.22,1743.2201274999636,3.9998725000364175,0.2289278110390459
846,11,1013.0,1483.3,1952.8,1953.1130449999123,0.3130449999123357,0.016030571482606292
847,6,1148.0,1525.81,1776.48,1819.4614750001138,42.98147500011373,2.4194741849113828
848,12,158.0,2195.67,1625.46,1635.5517274999802,10.091727499980152,0.6208536352774078
849,5,1010.0,2054.21,1810.37,1775.295932500043,35.07406749995698,1.937397741895689
850,1,682.0,1517.04,1376.04,1378.8652225000137,2.8252225000137514,0.2053154341453556
851,5,14.0,78.33,406.7,449.68045999998185,42.98045999998186,10.56809933611553
852,6,1203.0,1900.48,1972.88,1934.8809424999383,37.99905750006178,1.9260703894844988
853,4,810.0,1852.31,1575.87,1598.9784175000561,23.108417500056248,1.4663911045997609
854,3,760.0,2073.25,1522.45,1525.6519750000907,3.2019750000906697,0.21031725180404412
855,7,868.0,625.09,1403.48,1381.8838000000508,21.59619999994925,1.5387607945926731
856,7,205.0,103.31,683.1,684.4250700000335,1.32507000003352,0.19397891963600059
857,5,387.0,1882.35,1588.8,1536.664452499926,52.135547500073926,3.281441811434663
858,11,447.0,130.07,852.02,889.5210825000173,37.50108250001733,4.401432184692535
859,9,482.0,1348.44,1633.26,1562.799872499903,70.46012750009709,4.314079050493926
860,7,15.0,2436.67,1459.63,1464.6421949999533,5.012194999953181,0.3433880503931257
861,10,955.0,1182.33,1950.3,1941.405559999916,8.894440000083932,0.4560549659069852
862,5,41.0,2314.68,1500.28,1426.955452499999,73.32454750000102,4.887390853707376
863,2,1189.0,1164.74,1666.52,1564.3570524999068,102.1629475000932,6.130316317841562
864,2,762.0,519.74,752.69,737.1610074999742,15.528992500025879,2.0631325645386385
865,10,895.0,937.46,1714.8,1754.2265524999357,39.426552499935724,2.299192471421491
866,13,858.0,2258.01,1889.71,1884.8235349999807,4.886465000019371,0.25858279841983006
867,11,650.0,524.8,1179.09,1199.1916074999713,20.10160749997135,1.704840809435357
868,4,198.0,2106.63,1450.67,1446.4298049999704,4.240195000029644,0.2922921822350806
869,1,791.0,1927.75,1419.88,1408.5456624999565,11.334337500043603,0.7982602403050681
870,14,1020.0,1201.75,2337.73,2241.8051450001512,95.92485499984878,4.103333361844558
871,12,59.0,2247.39,1629.92,1627.628382499975,2.2916175000250405,0.14059693113926083
872,8,626.0,545.84,1142.89,1141.7097250000081,1.1802749999919797,0.10327109345536137
873,5,57.0,559.05,639.73,651.9152074999932,12.185207499993226,1.904742235004334
874,5,908.0,716.7,1375.88,1332.992674999948,42.887325000052215,3.1170832485429116
875,13,8.0,78.44,713.71,703.6563574999834,10.053642500016622,1.4086453181287388
876,11,684.0,672.51,1487.93,1445.2855924999865,42.644407500013585,2.8660224271312216
877,4,180.0,2365.46,1443.02,1431.9501724999352,11.069827500064775,0.7671291804732281
878,13,511.0,1628.33,1915.79,1889.5881850000148,26.201814999985118,1.3676767808572505
879,4,231.0,20.39,499.26,507.7373800000085,8.477380000008509,1.697989023756862
880,9,1139.0,1973.31,1759.33,1800.692985000046,41.36298500004614,2.35106460982568
881,9,578.0,1167.71,1587.21,1577.8870949999832,9.322905000016817,0.5873769066485731
882,14,530.0,2028.06,2079.14,2014.696702499898,64.44329750010183,3.099516987797928
883,7,316.0,141.89,837.8,806.7784699999805,31.021530000019425,3.7027369300572244
884,2,897.0,2382.39,1437.95,1461.8630775000759,23.913077500075815,1.662997844158407
885,12,121.0,608.92,1033.44,1021.817424999973,11.622575000027041,1.124649229759545
886,4,764.0,1417.94,1682.1,1641.6739574999556,40.42604250004433,2.403307918675723
887,11,663.0,2141.08,1715.29,1750.8378175000137,35.54781750001371,2.0724086014617766
888,3,91.0,1640.15,1338.3,1309.444902499942,28.855097500058037,2.156100836886949
889,1,1035.0,1289.84,1317.33,1333.3455950000314,16.015595000031453,1.2157618060798323
890,7,125.0,193.62,616.24,613.4431675000139,2.796832499986067,0.45385442359893335
891,12,437.0,639.96,1183.74,1167.9504250000773,15.789574999922706,1.3338718806429373
892,4,84.0,2243.12,1392.1,1340.3948724999664,51.70512750003354,3.7141819912386715
893,5,716.0,1316.6,1686.98,1683.4360700001012,3.5439299998988645,0.21007540100646507
894,12,18.0,2461.37,1556.78,1563.8619775000248,7.081977500024777,0.45491190149056243
895,3,560.0,1664.15,1419.48,1424.1989675000546,4.718967500054532,0.33244339476812157
896,3,504.0,63.39,568.17,590.8088049999795,22.638804999979584,3.9845125578576104
897,5,1126.0,664.9,1336.74,1331.8560300000906,4.883969999909368,0.3653642443488912
898,1,1092.0,390.55,589.11,593.8835050000088,4.773505000008754,0.8102909473627598
899,11,273.0,502.37,862.61,879.1025074999828,16.49250749998282,1.911930942138721
900,4,6.0,458.7,459.21,504.51473999998353,45.30473999998355,9.865799960798666
901,1,620.0,490.45,678.74,647.7020150000338,31.03798499996617,4.5728828417311735
902,5,659.0,2083.15,1645.06,1661.742262499925,16.682262499924946,1.0140823131025583
903,12,353.0,2150.17,1765.67,1731.297122499968,34.37287750003202,1.9467328266341966
904,13,618.0,1982.27,2000.39,1973.7457449999179,26.64425500008224,1.3319530191653746
905,2,1158.0,2355.92,1528.91,1515.0393975000616,13.870602499938514,0.9072216480982211
906,3,512.0,1251.6,1360.76,1362.002539999913,1.242539999913106,0.09131220787744393
907,5,840.0,941.55,1676.48,1624.9960375000765,51.483962499923564,3.070955961295307
908,7,1086.0,2319.81,1858.36,1853.3967075000976,4.963292499902309,0.2670791719528137
909,13,1152.0,864.45,1797.14,1857.5943874999386,60.45438749993855,3.363921981589556
910,4,840.0,1375.42,1580.95,1575.7282675000658,5.221732499934205,0.33029080615669093
911,4,724.0,89.99,667.98,703.4519824999873,35.471982499987234,5.310336013052372
912,3,327.0,2141.92,1438.41,1436.3602875000618,2.049712499938323,0.14249848790945022
913,13,1055.0,2005.84,1997.52,1975.877477499876,21.64252250012396,1.0834696273441047
914,1,931.0,327.97,609.73,593.7308224999839,15.999177500016117,2.623977416236058
915,10,108.0,2181.67,1632.42,1611.51539249998,20.90460750002012,1.2805900136006738
916,13,1204.0,24.47,1344.17,1345.0364199999528,0.8664199999527682,0.06445762068434559
917,5,517.0,919.25,1288.31,1299.3471349999688,11.037134999968885,0.8567142225061426
918,8,897.0,1536.36,1944.62,1914.3341975000676,30.285802499932288,1.5574149448186427
919,12,988.0,2492.79,1753.84,1770.6328274999557,16.79282749995582,0.9574891381172639
920,1,1041.0,1630.25,1466.95,1442.9748200000806,23.97517999991942,1.6343556358375826
921,10,454.0,2359.42,1619.0,1614.6373424999867,4.362657500013256,0.2694661828297255
922,5,406.0,1084.16,1399.39,1393.3803249999614,6.009675000038669,0.4294496173360299
923,4,103.0,1790.07,1394.55,1392.8849024999358,1.665097500064121,0.11940034420165078
924,11,198.0,269.95,695.66,748.941125000019,53.281125000019074,7.659075554152758
925,4,477.0,18.97,631.5,637.3463249999985,5.846324999998501,0.9257838479807603
926,11,67.0,2455.53,1572.91,1577.453180000066,4.543180000065831,0.28883915799796755
927,7,789.0,185.73,966.26,989.7214224999395,23.461422499939545,2.428065168788892
928,13,70.0,993.7,1492.02,1498.76067999993,6.74067999993008,0.4517821476877039
929,12,59.0,858.62,1377.35,1340.629624999987,36.72037500001284,2.6660162631148827
930,3,1027.0,180.0,804.96,790.8183824999795,14.141617500020516,1.7568099657151306
931,3,275.0,543.74,572.73,595.974692499995,23.244692499994926,4.058577776612876
932,12,180.0,384.42,873.97,864.2439200000406,9.726079999959438,1.1128619975467622
933,3,334.0,2449.89,1472.53,1457.9272250000258,14.602774999974145,0.9916792866681252
934,7,759.0,1694.02,1960.92,1901.063732499965,59.856267500035074,3.052458412379652
935,10,174.0,1991.96,1542.4,1566.8156875000657,24.415687500065587,1.582967291238692
936,1,780.0,366.37,516.69,532.0729374999697,15.382937499969671,2.977208287361797
937,9,934.0,415.5,1208.82,1214.01455749999,5.194557499989969,0.42972133981816724
938,8,936.0,556.28,1277.26,1312.1504274999086,34.89042749990858,2.7316621126402287
939,1,1002.0,2320.13,1475.4,1457.6270850000224,17.77291499997773,1.2046167141099178
940,7,83.0,137.84,482.65,529.2998224999764,46.64982249997638,9.665352222102223
941,9,191.0,789.52,1058.5,1065.8909975000033,7.390997500003323,0.6982520075581788
942,3,280.0,1090.37,1256.92,1231.365957499964,25.554042500036076,2.0330683337074813
943,5,644.0,2383.17,1785.53,1731.1610350000226,54.36896499997738,3.0449762815509893
944,10,498.0,992.86,1395.03,1431.8669425000037,36.836942500003715,2.640584252668668
945,4,317.0,1793.28,1518.93,1502.3593374999703,16.570662500029812,1.0909431310218254
946,4,1100.0,370.61,860.32,864.717984999958,4.397984999957998,0.5112033894316066
947,4,263.0,2469.06,1503.98,1493.7697525000788,10.210247499921252,0.6788818667749074
948,4,932.0,1287.34,1513.28,1529.76500000002,16.485000000020136,1.0893555720038681
949,14,343.0,2013.4,1839.05,1843.6171749999191,4.567174999919189,0.24834425382230982
950,2,274.0,888.24,917.79,960.8397800000113,43.04978000001131,4.690591529653985
951,1,759.0,330.29,500.92,519.2356549999726,18.315654999972537,3.6564032180732524
952,8,204.0,2178.45,1506.38,1516.7984399999555,10.418439999955353,0.691620972128902
953,10,396.0,2068.65,1556.68,1578.567659999974,21.88765999997395,1.4060474856729672
954,6,840.0,870.82,1496.46,1511.1921974999834,14.732197499983386,0.9844698488421598
955,7,756.0,1473.59,1961.96,1892.8703199999725,69.08968000002756,3.521462211259534
956,4,1048.0,279.75,780.15,790.8705849999585,10.720584999958533,1.3741697109477067
957,9,800.0,39.96,1158.68,1112.6733400000346,46.00665999996545,3.9706096592644604
958,3,240.0,1895.67,1386.33,1387.6551075000486,1.3251075000487162,0.09558384367709825
959,13,997.0,920.48,2124.16,2041.203085000074,82.95691499992586,3.9053986046213973
960,2,826.0,2163.39,1523.26,1512.509774999919,10.750225000080945,0.7057380224046417
961,6,194.0,914.25,1168.72,1172.8029975000297,4.082997500029705,0.34935634711733393
962,4,333.0,1934.76,1467.52,1486.8871649999226,19.36716499992258,1.3197206852324044
963,8,1053.0,1864.01,1794.57,1814.794570000048,20.22457000004806,1.1269869662397154
964,12,466.0,1291.33,1770.37,1745.5803800000604,24.789619999939532,1.4002507950281315
965,8,916.0,2417.62,1755.05,1756.8546574999307,1.8046574999307268,0.10282655764398319
966,11,322.0,1251.3,1732.46,1695.1484724999689,37.31152750003116,2.1536732449829237
967,13,11.0,1114.96,1555.48,1565.365995000086,9.88599500008604,0.6355591200199322
968,7,250.0,364.79,718.71,731.4084424999779,12.698442499977887,1.7668381544681284
969,5,247.0,296.51,594.93,609.2285825000071,14.298582500007115,2.40340586287582
970,14,1158.0,2104.61,1899.69,1942.0679650000914,42.37796500009131,2.230783180418453
971,11,1095.0,1071.83,2159.33,2122.3098150000246,37.0201849999753,1.7144292442551765
972,11,1149.0,270.81,1284.51,1297.5788299999135,13.068829999913532,1.0174175366414846
973,9,14.0,1057.38,1372.31,1364.3217874999605,7.988212500039481,0.5820997077948482
974,4,184.0,983.77,1202.69,1143.8810949999918,58.80890500000828,4.889780824652095
975,6,135.0,2488.22,1561.2,1544.7050050000682,16.494994999931805,1.056558736864707
976,5,717.0,1508.97,1722.49,1713.6816200001126,8.808379999887393,0.5113748120388155
977,1,389.0,1964.96,1228.94,1219.3266675000068,9.613332499993248,0.7822458785614633
978,3,1136.0,1296.54,1536.6,1514.6086674999467,21.991332500053204,1.4311683261781338
979,13,145.0,2202.42,1716.13,1731.0528274999235,14.922827499923415,0.8695627662195413
980,1,1122.0,861.5,1081.05,1085.5026599999326,4.452659999932621,0.4118828916269017
981,14,383.0,97.95,1203.93,1120.7389175000267,83.19108249997339,6.909960089039511
982,1,309.0,1211.37,1110.55,1115.1835599999506,4.6335599999506485,0.41723110170191785
983,14,1090.0,2248.68,1905.5,1918.7979725000162,13.297972500016158,0.6978731304128133
984,3,278.0,994.9,1167.78,1133.8115499999556,33.96845000004441,2.9088055969484334
985,7,1109.0,2397.29,1917.57,1885.4908175000855,32.079182499914396,1.6729080294286205
986,12,643.0,2194.16,1758.03,1788.8330050000313,30.803005000031362,1.7521319317663158
987,11,176.0,1050.67,1444.13,1467.0283074999486,22.898307499948487,1.5856126179740386
988,7,309.0,1021.75,1309.85,1345.0425674999692,35.1925674999693,2.686763178987617
989,3,992.0,1897.41,1539.0,1537.261522499995,1.7384775000050467,0.11296150097498679
990,3,175.0,440.19,431.17,448.6317849999882,17.461784999988197,4.049860843747987
991,5,895.0,2329.69,1791.96,1758.4029049999535,33.5570950000465,1.8726475479389328
992,8,372.0,348.37,950.24,926.1384000000673,24.10159999993266,2.536369759211637
993,5,567.0,193.11,718.3,745.8958574999815,27.59585749998155,3.841828971179389
994,8,978.0,710.43,1624.58,1578.471140000031,46.1088599999689,2.8382018737131385
995,1,1082.0,1809.49,446.94,810.8651349999768,363.9251349999768,81.4259486731948
996,11,636.0,2238.97,1699.94,1725.1374025000648,25.197402500064754,1.4822524618554038
997,6,370.0,315.09,946.39,906.6512725000214,39.73872749997861,4.198980071638395
998,8,413.0,222.83,802.95,824.5952150000327,21.645215000032636,2.6957114390724994
999,3,399.0,141.39,546.04,560.2300975000165,14.190097500016577,2.598728573001351
